date,cases,hig_temp,low_temp,d_temp,ave_temp,hig_pres,low_pres,d_pres,ave_pres,ave_vapor_pres,j_wspeed,j_wspeed_direc,z_wspeed,z_wspeed_direc,a_wspeed,ave_humi,min_humi,precipitation,Sunshine,DOW,holiday,day
1/1/10,23,7.3,3.3,4,5.5,1020.6,1013.8,6.80000000000007,1016.5,6.9,3.9,9,3.1,9,1.4,76,59,3270,0,5,1,1
1/2/10,12,13.5,-2.1,15.6,3.7,1018.7,1014.9,3.80000000000007,1016.9,6.8,4.5,4,3.3,2,1.1,87,51,0,7.7,6,1,2
1/3/10,30,15.7,-1.1,16.8,6.3,1019,1010.6,8.39999999999998,1014,7.3,6.1,10,4.2,10,2.3,80,42,0,8,7,1,3
1/4/10,31,9.9,0.2,9.7,4.9,1020.7,1011.6,9.10000000000002,1017,5.7,12.4,3,9.5,3,5.3,67,37,0,6.8,1,0,4
1/5/10,12,3.7,-3.1,6.8,-0.9,1025.9,1020.7,5.20000000000005,1024.3,3.7,10.7,2,8.4,2,3.9,66,42,10.7,0,2,0,5
1/6/10,23,1.2,-3.3,4.5,-0.7,1028.4,1025,3.40000000000009,1026.3,4.5,3.8,16,2.7,1,1.2,79,56,2.1,0,3,0,6
1/7/10,25,2.8,0.3,2.5,1.5,1029,1025.7,3.29999999999995,1027.4,5.1,3.9,1,2.9,1,1.5,74,61,0,0,4,0,7
1/8/10,42,3.9,-0.8,4.7,1.4,1027.5,1019.9,7.60000000000002,1022.9,5.7,4.9,9,3.8,10,1.3,85,68,0,0,5,0,8
1/9/10,39,6.2,-2.2,8.4,2.3,1021.4,1018.3,3.10000000000002,1019.4,6.5,5.8,4,4.2,3,2,90,74,3270,0,6,0,9
1/10/10,30,4.3,-1,5.3,0.2,1026,1020.5,5.5,1023.7,5.6,7.4,3,5.5,2,3.1,92,79,0.1,0,7,0,10
1/11/10,27,5.9,-0.6,6.5,1.4,1030.3,1025.8,4.5,1028.3,5.1,8,2,6,3,2.8,77,41,0.3,0.7,1,0,11
1/12/10,30,8.4,-4,12.4,0.6,1031.5,1023.4,8.10000000000002,1027.6,4.8,5.8,12,4.3,11,2,78,35,0,8.4,2,0,12
1/13/10,36,6.6,-2.2,8.8,1.2,1033.5,1025.4,8.09999999999991,1029.9,3.4,6.7,3,5,3,2.3,53,20,0,5.9,3,0,13
1/14/10,42,11.8,-3.6,15.4,3.3,1028.5,1019.8,8.70000000000005,1023,5.8,4.4,9,3.2,8,1.9,78,44,0,7.5,4,0,14
1/15/10,22,6.8,0.5,6.3,3.6,1030.4,1021.2,9.20000000000005,1026.7,6.7,5.7,2,4.4,2,2.2,84,71,0.2,0,5,0,15
1/16/10,24,7.6,2.1,5.5,3.9,1031.6,1027,4.59999999999991,1029.5,6.8,3.4,1,2.5,1,1.4,84,73,0.1,0.5,6,0,16
1/17/10,33,11.6,-1,12.6,3.6,1029.2,1023.7,5.5,1026.5,7.1,3.6,7,2.8,7,0.9,90,62,0,4.2,7,0,17
1/18/10,48,15.4,-1.3,16.7,5.4,1024.8,1017.4,7.39999999999998,1021.1,7.8,4.6,6,3.2,6,1.4,88,54,0,6.4,1,0,18
1/19/10,36,13.6,5.1,8.5,11.4,1017.5,1011.7,5.79999999999995,1014.2,10.8,5.2,8,3.6,7,2.4,80,74,0,0,2,0,19
1/20/10,31,13.3,9.2,4.1,10.4,1021.3,1012.3,9,1017.1,10.2,8.9,1,6.8,2,2.3,80,65,3270,0,3,0,20
1/21/10,22,9.2,1.3,7.9,3.2,1030.4,1021.1,9.30000000000007,1027.7,5.9,11.6,3,8.6,3,5,76,64,3270,0,4,0,21
1/22/10,17,5,2.2,2.8,3.5,1034.6,1029,5.59999999999991,1031.7,4.6,7.4,3,5.6,3,2.4,59,45,0,0,5,0,22
1/23/10,24,6.5,0.8,5.7,3.7,1031.9,1025.5,6.40000000000009,1028.1,5.2,4.6,4,3.6,3,1.6,67,36,0,0,6,0,23
1/24/10,26,5.2,0.5,4.7,3.1,1025.7,1019,6.70000000000005,1022.2,6.5,3.2,9,2.5,8,1.2,85,63,0.6,0,7,0,24
1/25/10,37,11.2,-0.2,11.4,4.5,1031.6,1022.1,9.49999999999989,1028.3,5.9,6.8,3,5.3,3,2.1,75,34,0,6.3,1,0,25
1/26/10,33,10.8,-2.6,13.4,3.8,1029.4,1015.8,13.6000000000001,1022.7,6.2,5.8,7,4.6,7,1.8,78,49,0,3.7,2,0,26
1/27/10,13,9.3,6.5,2.8,7.9,1017.4,1012.7,4.69999999999993,1014.9,9.8,4.2,8,3.3,8,2.1,93,64,8.1,0,3,0,27
1/28/10,20,10.9,5.6,5.3,7.7,1020.9,1015.6,5.29999999999995,1018.5,9.7,4,3,2.8,3,1.4,93,77,0,1.6,4,0,28
1/29/10,16,12.4,4.9,7.5,8.2,1021.9,1016.4,5.5,1019.5,8.9,3.5,2,2.8,2,0.9,84,58,3270,2.4,5,0,29
1/30/10,16,10.8,8.1,2.7,9,1018,1014.2,3.79999999999995,1015.9,10.2,3.3,2,2.5,2,1.1,89,72,3.6,0,6,0,30
1/31/10,13,9,6.9,2.1,7.5,1018.2,1014.2,4,1017,8.9,5.5,2,3.9,2,1.9,86,77,2.7,0,7,0,31
2/1/10,12,10.9,2.2,8.7,6.8,1021.3,1017.1,4.19999999999993,1018.8,8.4,5.6,1,4,1,1.8,85,65,0,3.1,1,0,32
2/2/10,10,8.7,6.8,1.9,7.4,1020.2,1015,5.20000000000005,1017.9,9.2,4.9,3,3.5,4,2.6,89,80,8,0,2,0,33
2/3/10,17,7.4,1.6,5.8,4.2,1023.1,1019.9,3.20000000000005,1021.6,7.3,5.8,2,3.8,2,1.5,88,74,3270,0,3,0,34
2/4/10,12,8.4,2.1,6.3,5.3,1023.2,1017.6,5.60000000000002,1020.6,7.7,3,2,2.5,7,1.3,87,70,0,0,4,0,35
2/5/10,14,7.9,3.6,4.3,6.2,1020.9,1016.6,4.29999999999995,1018.8,8.5,3.6,5,2.6,3,1.5,90,78,3270,0,5,0,36
2/6/10,14,8.2,6.4,1.8,7,1020.4,1016.4,4,1018.6,8.8,4.3,2,3.3,2,1.7,88,82,3270,0,6,0,37
2/7/10,6,10,5,5,7.3,1020.2,1014.6,5.60000000000002,1017.6,8.8,3.3,15,2.4,16,1.1,86,72,3270,0,7,0,38
2/8/10,11,12,8,4,9.5,1015,1007.1,7.89999999999998,1011.1,10.9,4.6,1,3.4,1,1.8,92,83,3270,0,1,0,39
2/9/10,8,9.4,6,3.4,6.8,1010,1006.5,3.5,1008.3,9.6,6.5,1,4.5,16,3,97,91,0.1,0,2,0,40
2/10/10,9,6.3,2.1,4.2,3.8,1013.8,1008,5.79999999999995,1011.4,7.8,10.8,2,7.7,3,4.5,96,92,11.6,0,3,0,41
2/11/10,5,2.4,-2.1,4.5,-1.1,1031,1013,18,1026,4.9,11.9,2,9,1,5.6,86,76,4.4,0,4,0,42
2/12/10,9,3.3,-3.4,6.7,-0.9,1035,1029.7,5.29999999999995,1032.1,4.2,7.2,2,5.1,2,2.6,74,48,0,6.3,5,0,43
2/13/10,12,1.8,-3.2,5,-0.4,1030.4,1019.9,10.5000000000001,1024.6,4.9,7.3,2,5.4,2,2.5,82,61,3.4,0,6,1,44
2/14/10,10,1.5,-1.3,2.8,-0.3,1025.8,1021.2,4.59999999999991,1023.9,5.3,6.8,1,5,1,2.7,89,75,0.1,0,7,1,45
2/15/10,4,1.3,-0.1,1.4,0.5,1031.1,1025.5,5.59999999999991,1028.3,5.8,7.3,2,5.3,2,3.3,91,80,0.8,0,1,1,46
2/16/10,14,3,-1.5,4.5,0.5,1032.1,1027,5.09999999999991,1029.4,5.6,6,2,4.8,2,1.5,89,77,3270,0,2,1,47
2/17/10,8,7.8,-2,9.8,1.9,1030.3,1026.4,3.89999999999986,1028.5,6.1,5.2,16,3.8,16,1.6,88,59,0,2.9,3,1,48
2/18/10,5,9.9,-1.1,11,3.4,1030.6,1024.2,6.39999999999986,1027.8,5.2,4.8,1,3.2,3,1,72,27,0,6.7,4,1,49
2/19/10,7,13.5,-1.8,15.3,4.6,1026,1017.8,8.20000000000005,1021.5,6.2,7,10,4.6,9,2,76,32,0,8.5,5,1,50
2/20/10,12,17.3,-0.6,17.9,7.9,1018.9,1012,6.89999999999998,1015.6,6.8,7.5,11,5.2,10,2,69,31,0,9.5,6,0,51
2/21/10,10,19.5,3.1,16.4,11.4,1013.8,1009.6,4.19999999999993,1011.9,8.3,5.5,11,4,10,1.8,66,32,0,7.1,7,0,52
2/22/10,6,21.6,4.8,16.8,12.4,1015,1010.8,4.20000000000005,1012.3,9.3,5,7,3.3,8,0.9,70,30,0,6.8,1,0,53
2/23/10,3,24.2,8.1,16.1,14.4,1012.4,999.8,12.6,1005.9,11.8,7.3,10,5.4,10,2.2,74,43,0,8.7,2,0,54
2/24/10,7,24.2,14.2,10,18.7,1000.2,993.7,6.5,996.1,15.9,5.5,8,3.8,7,2.3,74,57,0,1.3,3,0,55
2/25/10,4,18,11.6,6.4,14.3,1008.9,996.7,12.1999999999999,1004.1,14.6,12.8,16,8.4,2,2.9,90,68,12.6,0,4,0,56
2/26/10,5,11.6,8.5,3.1,9.5,1012.9,1008.6,4.29999999999995,1010.8,10.6,6.3,2,4.7,1,2.5,89,81,3270,0,5,0,57
2/27/10,2,15.1,8,7.1,10.9,1014.9,1010.6,4.29999999999995,1012.2,10.8,4.6,16,3.2,8,2.1,84,65,8.5,3.5,6,0,58
2/28/10,3,19.2,11.1,8.1,13.9,1011.9,1001.4,10.5,1007.1,13.4,8.3,16,6.5,1,2.9,84,72,3270,0.6,7,0,59
3/1/10,9,11.8,2.9,8.9,4.6,1018.3,1007.5,10.8,1014.4,7.5,11.1,1,8.1,3,3.9,88,79,1,0,1,0,60
3/2/10,8,4.7,2.8,1.9,4.1,1016.6,1013.4,3.20000000000005,1015.3,7.7,6.7,2,5.3,2,3,94,87,3.9,0,2,0,61
3/3/10,11,5.4,3.8,1.6,4.6,1017.1,1012.2,4.89999999999998,1014.3,8.1,6.6,2,4.6,2,2.9,96,91,32.5,0,3,0,62
3/4/10,13,6.3,2.9,3.4,4.5,1017.1,1011.6,5.5,1014.3,7.1,6.5,1,4.4,16,2.5,85,73,0.1,0,4,0,63
3/5/10,14,6.2,5.2,1,5.8,1015.7,1010,5.70000000000005,1012.8,8.4,7.8,2,5.8,2,2.8,91,81,5.4,0,5,0,64
3/6/10,15,6.2,1.2,5,3.2,1025.7,1015.6,10.1,1022.3,6.7,10.6,3,7.5,3,5.1,86,80,15.2,0,6,0,65
3/7/10,26,6.6,0.4,6.2,3,1027.8,1021.7,6.09999999999991,1025,6.2,7.1,2,5.1,2,2.4,82,63,0,0,7,0,66
3/8/10,27,5.2,0.6,4.6,3,1031.6,1022.4,9.19999999999993,1027,6.1,11.2,2,7.9,2,3.6,81,66,1.6,0,1,0,67
3/9/10,33,7.1,-0.1,7.2,2.8,1039.3,1031.5,7.79999999999995,1035.6,4.5,11.3,1,8,1,4.3,63,29,0.3,7.5,2,0,68
3/10/10,35,10.6,-3.3,13.9,4,1034.6,1022.5,12.0999999999999,1028.5,5.7,8.3,10,5.5,10,2.6,71,40,0,9.7,3,0,69
3/11/10,51,17.8,3.5,14.3,10.3,1023.3,1012,11.3,1017.2,7.2,7.6,11,5,10,3.9,59,38,0,7.1,4,0,70
3/12/10,42,22.6,6.8,15.8,14,1014.7,1010,4.70000000000005,1012.5,9.1,7,10,4.8,11,2.6,60,29,0,8.4,5,0,71
3/13/10,20,19,7.8,11.2,13.3,1014.1,1009,5.10000000000002,1011.5,11.5,5.6,3,4.3,3,1.7,77,51,0,0,6,0,72
3/14/10,29,16,7,9,10.7,1013.4,1007.3,6.10000000000002,1009.7,12,9.2,1,6.6,1,3.4,93,68,22.2,0,7,0,73
3/15/10,36,15.9,6.6,9.3,10.8,1024.1,1013.2,10.8999999999999,1020.9,9.1,9.5,3,6.7,3,3.3,73,41,3.9,1.7,1,0,74
3/16/10,42,18.5,3.7,14.8,11.6,1026.3,1017.1,9.19999999999993,1021.6,9.2,7.1,2,5,2,2,72,33,0,9.8,2,0,75
3/17/10,42,22.3,6,16.3,13.4,1021.4,1016.3,5.10000000000002,1018.4,11.8,6.8,13,4.8,13,1.6,80,39,0,9.9,3,0,76
3/18/10,36,24.4,9.2,15.2,15.9,1018,1011.1,6.89999999999998,1014.9,13.8,7.6,11,4.8,11,1.3,80,46,0,9.1,4,0,77
3/19/10,37,29.9,12.2,17.7,21.3,1011.7,999.4,12.3000000000001,1004.3,14.8,9.9,10,7.3,10,3.9,61,32,0,9.9,5,0,78
3/20/10,35,25.5,16.6,8.9,20.1,1014.5,999,15.5,1008.3,11.2,13.4,2,10,3,5.6,47,20,0,0.5,6,0,79
3/21/10,28,21.7,12.4,9.3,16.9,1016.3,1003.6,12.6999999999999,1010.5,7.3,8.8,7,6.6,7,2.9,38,24,0,6.4,7,0,80
3/22/10,53,20.4,11,9.4,14.4,1011.1,1002.3,8.80000000000007,1006.6,12.3,12.8,1,9.7,1,4.3,75,42,2.2,0,1,0,81
3/23/10,33,12,7.2,4.8,8.4,1015.9,1010.9,5,1013.5,9.7,12.5,3,9,3,5.2,88,70,24.6,0,2,0,82
3/24/10,37,8.2,6.3,1.9,7.1,1022.1,1014.3,7.80000000000007,1017.7,9,9.3,1,6.4,1,3.2,89,82,21,0,3,0,83
3/25/10,55,16.6,6.5,10.1,10.5,1026.6,1021.9,4.69999999999993,1024.9,8.2,10.1,3,7,2,2.9,67,29,0.6,8.7,4,0,84
3/26/10,60,16.8,1.5,15.3,10.1,1026.4,1017.2,9.20000000000005,1022.1,6.8,7.3,7,5.9,7,3,58,23,0,10.5,5,0,85
3/27/10,52,20.8,8.8,12,14.4,1022.2,1016.9,5.30000000000007,1019.7,9.2,6.3,10,4,12,1.7,58,28,0,9.5,6,0,86
3/28/10,68,23,7.3,15.7,15.3,1022.6,1017.6,5,1019.8,10.1,6,8,4.4,7,2.3,63,26,0,7.1,7,0,87
3/29/10,78,17.9,14.9,3,16.3,1019.1,1013,6.10000000000002,1016.2,9.5,8.5,6,5.9,6,2.8,52,39,3270,0,1,0,88
3/30/10,50,16.4,12.1,4.3,13,1016.2,1012.5,3.70000000000005,1014.3,13.3,4.7,7,3.4,6,1,89,54,5.1,0,2,0,89
3/31/10,50,16.6,12.2,4.4,13.9,1015.3,1005.9,9.39999999999998,1010.9,14.8,4.7,16,3.4,1,1.5,94,80,11,0,3,0,90
4/1/10,50,17.5,11.3,6.2,13.4,1018.5,1007.1,11.4,1014.6,11.7,11,2,7.9,1,4.8,77,51,23.3,0,4,0,91
4/2/10,44,19.5,9.1,10.4,13.4,1021.4,1017.2,4.19999999999993,1019.2,8.9,7.7,2,5.8,2,1.4,61,21,0,4.9,5,0,92
4/3/10,71,18.1,10.9,7.2,14.3,1019.7,1013.1,6.60000000000002,1016.2,10,7.1,6,5.3,7,2.2,62,42,0,2.9,6,1,93
4/4/10,96,19.7,8.8,10.9,14.6,1014.7,1008,6.70000000000005,1011.7,12.8,5.1,11,3.3,8,1.7,78,55,0,9.2,7,1,94
4/5/10,96,24.3,10,14.3,16.9,1011,1005.4,5.60000000000002,1008.9,15.4,5.2,7,2.9,7,1.2,82,44,0,9.6,1,1,95
4/6/10,94,18.6,13.2,5.4,15.8,1020.2,1007.2,13,1014.9,13.2,13.5,1,10.4,2,5.5,72,47,3.3,0,2,0,96
4/7/10,89,14.7,9.5,5.2,12,1025.1,1020.2,4.89999999999986,1022.6,9.1,8.4,2,6.1,3,1.4,66,43,0,1,3,0,97
4/8/10,71,18.4,7.1,11.3,12.6,1021.9,1009.6,12.3,1014.8,8.8,6.7,7,4.3,8,1.7,63,30,0,7.9,4,0,98
4/9/10,69,22.1,9.9,12.2,15.5,1012.8,1002.9,9.89999999999998,1007.8,11.8,6.7,6,4.6,6,3,67,46,0,8,5,0,99
4/10/10,82,22.5,14.1,8.4,17.4,1008.4,1003.6,4.79999999999995,1006.4,13,9.7,3,7.3,3,2.5,66,47,0,1.1,6,0,100
4/11/10,112,17.2,12.2,5,13.9,1009.2,1003.5,5.70000000000005,1005.5,13.9,7.1,2,5.4,2,3.4,88,70,13.2,0,7,0,101
4/12/10,112,15.1,10.5,4.6,11.8,1018.2,1006.3,11.9000000000001,1012,11.5,11.3,1,8.4,2,4.4,83,74,3270,0,1,0,102
4/13/10,109,12.2,8.9,3.3,10,1025.2,1018.1,7.10000000000002,1022.8,8,11,2,8.3,2,4.9,65,43,0.4,0,2,0,103
4/14/10,113,10.3,5.2,5.1,6.5,1024.8,1019.2,5.59999999999991,1023.1,8.1,7.7,2,5.3,1,2.6,84,51,23.5,0,3,0,104
4/15/10,139,11.7,1.9,9.8,7.7,1025.9,1020.8,5.10000000000014,1023.6,7.6,5.1,9,3.4,8,1.9,73,54,0,6.1,4,0,105
4/16/10,151,17.7,4.8,12.9,11.1,1022.5,1014.4,8.10000000000002,1018.7,10.1,5.6,6,4.1,6,1.8,78,47,0,10.3,5,0,106
4/17/10,130,17.4,9.5,7.9,13.9,1016.7,1012.5,4.20000000000005,1015.2,12.2,5.3,7,3.7,7,1.6,78,57,0,0,6,0,107
4/18/10,169,17.4,13.6,3.8,15.4,1016.1,1009,7.10000000000002,1012.3,16.1,2.7,3,2.2,3,1.1,92,80,1.2,0,7,0,108
4/19/10,182,21.2,15.5,5.7,17.9,1009.6,1005.4,4.20000000000005,1007.2,18.3,3.1,9,2.1,14,1.5,90,73,16.5,0,1,0,109
4/20/10,123,19.9,18,1.9,18.9,1008.3,1002.4,5.89999999999998,1005.4,20.1,5.9,4,4.5,4,2.3,92,86,0.9,0,2,0,110
4/21/10,77,20,11.9,8.1,15,1013.8,999.8,14,1006.2,15.3,12.9,2,8.4,1,4.6,88,78,50.4,0,3,0,111
4/22/10,117,17.7,10.5,7.2,13.7,1019.9,1013.8,6.10000000000002,1018.3,11.9,9.7,3,7.2,2,3,76,52,0,2.2,4,0,112
4/23/10,102,23.1,9.9,13.2,15.9,1021.8,1016.9,4.89999999999998,1019.4,12.8,4.8,2,3.2,2,1.4,75,27,0,10.4,5,0,113
4/24/10,145,23.1,10.2,12.9,17.1,1019.1,1012.6,6.5,1016.2,11.5,6.4,7,4.8,7,2,62,25,0,5.7,6,0,114
4/25/10,145,19.2,13.5,5.7,15.6,1016.4,1011.3,5.10000000000002,1013.6,13.9,4.3,3,3.3,3,1.6,80,52,5.6,0,7,0,115
4/26/10,202,21.6,13.3,8.3,16.7,1020.4,1014,6.39999999999998,1017.4,13.8,6.3,14,4.2,11,2.5,76,26,2,6.8,1,0,116
4/27/10,107,24.6,11.7,12.9,18,1015.7,1006.5,9.20000000000005,1011.5,14.8,8.3,11,5.7,10,2.5,73,39,0,9.3,2,0,117
4/28/10,136,24.8,16,8.8,21,1014,1006.4,7.60000000000002,1011.6,10.6,9.4,3,6.9,3,3.6,43,24,0,8.9,3,0,118
4/29/10,103,25.4,14.3,11.1,18.5,1015.3,1009.1,6.19999999999993,1012.9,11.4,6.7,5,4.4,6,2.2,54,29,0,7.1,4,0,119
4/30/10,101,27.7,15.2,12.5,20.1,1015,1010.4,4.60000000000002,1012.6,16.1,5.5,5,3.7,5,1.3,71,40,0,6.5,5,0,120
5/1/10,123,29.8,15.5,14.3,22.3,1013.1,1007.7,5.39999999999998,1010.5,18.7,5,11,3.5,11,1.7,71,40,0,9.9,6,1,121
5/2/10,98,31.9,17.1,14.8,24.2,1009.2,1004.5,4.70000000000005,1007.1,20.5,8.6,12,6.1,11,2.3,71,31,0,10.6,7,1,122
5/3/10,104,32.5,19.7,12.8,26.2,1006.8,1001.5,5.29999999999995,1004.1,21.1,7.1,8,4.7,8,2.4,65,32,0,8,1,1,123
5/4/10,111,27.5,19.5,8,22.3,1002.3,996.1,6.19999999999993,998.4,21.8,9.4,8,7.1,8,2,82,58,25.7,0,2,0,124
5/5/10,104,28.9,19.6,9.3,23.4,1002.6,996.4,6.20000000000005,999.8,23.9,6.2,2,3.6,3,1.7,84,57,0.4,6.5,3,0,125
5/6/10,93,23.6,18.2,5.4,20.2,1008.7,1002.6,6.10000000000002,1006.8,15.7,7.4,3,5.7,2,3.1,67,43,3270,0,4,0,126
5/7/10,84,25.8,11.8,14,20.1,1009.6,1004.9,4.70000000000005,1007.2,13.7,4.3,16,3,1,1,61,27,3270,7.2,5,0,127
5/8/10,91,20.2,15.8,4.4,17,1006.6,1000.9,5.70000000000005,1003.3,17.6,5.6,3,4.5,3,1.4,91,72,16.4,0,6,0,128
5/9/10,139,24.9,16,8.9,19.2,1007.6,1002.7,4.89999999999998,1005.9,17,7.7,3,5.5,3,2.1,78,52,0,1.6,7,0,129
5/10/10,162,26.2,16.6,9.6,21.3,1010.2,1006,4.20000000000005,1008.4,14.8,4.4,1,2.9,1,1.7,61,34,0,9.4,1,0,130
5/11/10,118,28.3,16.2,12.1,21.5,1010.7,1007.4,3.30000000000007,1008.8,17,4.5,8,2.8,10,1.1,70,32,0,9.3,2,0,131
5/12/10,97,26.3,16.4,9.9,21.7,1009.4,1005.6,3.79999999999995,1008,18.2,7.5,6,5.4,7,2.2,72,49,0.2,1.2,3,0,132
5/13/10,97,22.6,17.6,5,18.9,1008.2,1005.6,2.60000000000002,1007.1,18.2,8.7,4,6.1,5,3.5,84,69,1.9,0,4,0,133
5/14/10,100,24.2,16.3,7.9,19.9,1011.4,1007.8,3.60000000000002,1009.7,16.3,6.7,3,4.5,3,2.6,72,49,0,5.7,5,0,134
5/15/10,109,22.6,16.1,6.5,19,1010.4,1007.1,3.29999999999995,1008.7,17.8,4.9,3,3.7,3,2.7,81,67,0.6,0,6,0,135
5/16/10,116,22.4,18,4.4,19.5,1009.2,1003.9,5.30000000000007,1006.5,20.8,5.5,6,4,7,1.8,92,80,25.6,0,7,0,136
5/17/10,117,21.5,18.2,3.3,19.9,1006.6,1003.2,3.39999999999998,1005.2,21.2,4.4,2,3.1,2,1.9,91,82,10.4,0,1,0,137
5/18/10,105,23.1,18.4,4.7,20.2,1007.6,1004.7,2.89999999999998,1006,20.7,4.4,2,3.4,2,1.3,88,70,21,0,2,0,138
5/19/10,98,26.3,16.2,10.1,21.8,1008.5,1005.6,2.89999999999998,1007.1,16.8,3.2,15,2.3,2,1.5,67,32,3270,5.6,3,0,139
5/20/10,107,26.2,15.7,10.5,20.4,1008.7,1005.5,3.20000000000005,1006.9,17.6,3.8,14,2.5,11,1,75,34,0,4.4,4,0,140
5/21/10,98,21.1,18.7,2.4,19.5,1006.6,1001.2,5.39999999999998,1003.6,21,7,2,4.5,1,1.7,93,82,6,0,5,0,141
5/22/10,100,19.2,16.3,2.9,17.4,1003.8,1001.1,2.69999999999993,1002.4,17.5,7,1,4.9,1,2.9,88,75,1.2,0,6,0,142
5/23/10,96,26.9,13.2,13.7,20,1004.5,1001.7,2.79999999999995,1003,17.1,5.3,16,3.1,14,1.5,76,45,0,10.7,7,0,143
5/24/10,143,30.9,14.9,16,23.2,1004.6,1000.8,3.80000000000007,1002.6,20.9,5.4,10,4.1,10,1.9,75,41,0,10.9,1,0,144
5/25/10,140,33.2,17.8,15.4,26,1005.8,1001.6,4.19999999999993,1004,20.8,4.3,5,3.1,6,1.6,66,32,0,9.2,2,0,145
5/26/10,120,28.1,23.4,4.7,25.5,1006.1,1003.3,2.80000000000007,1005,23.2,7.2,7,4.9,7,1.4,72,53,0.3,0,3,0,146
5/27/10,91,23.5,19.8,3.7,20.9,1008.3,1005.7,2.59999999999991,1007.1,22.8,6.2,3,4.2,3,2.3,92,81,22.7,0,4,0,147
5/28/10,103,24.4,19.5,4.9,21.3,1009,1006,3,1007.3,21.8,5.7,3,3.9,2,2.2,87,70,6.3,0,5,0,148
5/29/10,104,29.3,19.4,9.9,23.1,1007.9,1003.6,4.29999999999995,1006.2,22,4.8,2,2.9,2,0.8,80,47,3270,8.2,6,0,149
5/30/10,146,30.7,18.1,12.6,24,1006.2,1002.2,4,1004.6,21.5,4.2,10,2.8,9,1.2,75,38,0,11,7,0,150
5/31/10,118,30.4,20.8,9.6,25.2,1007.7,1003.1,4.60000000000002,1006,23.4,8,2,5.5,3,1.8,75,47,3270,2.5,1,0,151
6/1/10,141,25,22.1,2.9,22.9,1009.8,1007.6,2.19999999999993,1008.8,20.1,7.6,1,6.1,3,2.6,72,60,0.6,0,2,0,152
6/2/10,141,27.4,18.1,9.3,22.6,1011.1,1008.7,2.39999999999998,1010.1,19.7,5.5,16,3.4,2,1.5,74,42,0.5,7.7,3,0,153
6/3/10,110,27.7,20.1,7.6,22.9,1012.3,1009.4,2.89999999999998,1010.8,19.2,4.5,4,3.2,2,1,71,40,0,2,4,0,154
6/4/10,120,28.1,16.7,11.4,22.7,1012.4,1008.2,4.19999999999993,1010.5,18.6,4.5,3,3.1,3,1.8,70,32,0,8.5,5,0,155
6/5/10,116,28.5,17.3,11.2,22.9,1010.4,1006.5,3.89999999999998,1008.6,19,3.2,4,2.3,3,1.1,70,43,0,2.6,6,0,156
6/6/10,115,29.4,17.7,11.7,23.7,1008.8,1004.9,3.89999999999998,1006.9,20.8,5.8,7,3.9,7,1.1,73,43,0,7,7,0,157
6/7/10,133,25.2,19.5,5.7,23,1007.3,1004.9,2.39999999999998,1006.1,20.9,8.5,8,6.1,6,2.8,75,58,23.8,0,1,0,158
6/8/10,117,21.2,18.6,2.6,19.9,1005.7,1000.4,5.30000000000007,1002.2,21.7,10.6,6,6.4,6,3.2,93,89,96.7,0,2,0,159
6/9/10,104,21.7,17.3,4.4,19.1,1007.7,1002.4,5.30000000000007,1005.5,18.1,6.9,1,4,16,2.4,83,70,1,0,3,0,160
6/10/10,116,24,17.8,6.2,20.3,1010,1007.4,2.60000000000002,1008.7,19.1,5.7,16,3.5,2,1,81,61,3270,0,4,0,161
6/11/10,114,28.6,16.4,12.2,22.4,1009.3,1006.1,3.19999999999993,1008,20.5,4.9,4,3.4,3,1.3,78,41,0,9,5,0,162
6/12/10,112,29.5,19.2,10.3,25,1007.1,1003.9,3.20000000000005,1005.9,22.7,2.9,11,2.1,10,0.9,74,41,0,4.6,6,0,163
6/13/10,100,25,21.9,3.1,23.3,1005.3,1002.7,2.59999999999991,1004.2,23.7,4.1,14,2.6,13,1,83,67,0.5,0,7,0,164
6/14/10,110,27.5,20.5,7,23.5,1003.8,1000.8,3,1002.5,24.2,4.6,4,3.3,4,1,85,62,1.1,1,1,0,165
6/15/10,90,30.7,19.9,10.8,25.2,1003,999.8,3.20000000000005,1001.6,24.5,3,1,2.1,9,0.7,78,50,0,4.4,2,0,166
6/16/10,113,32,22.5,9.5,26.6,1001.8,997.1,4.69999999999993,999.5,26.9,5.7,9,3.7,10,1.6,79,50,0,7,3,1,167
6/17/10,143,30.1,24.5,5.6,27,999.5,996.8,2.70000000000005,998.2,28.8,8.6,10,5.5,11,2.4,81,63,1.9,8.2,4,0,168
6/18/10,113,33,22.6,10.4,27.9,999.5,996.7,2.79999999999995,998.1,29.5,5.6,10,3.9,10,2,80,55,0,7.8,5,0,169
6/19/10,69,32.2,25.9,6.3,28,1000.4,997.3,3.10000000000002,999.4,30.6,9,7,5.2,10,1.8,81,57,3270,0.7,6,0,170
6/20/10,113,31.1,24.7,6.4,27.1,1002.9,999.2,3.69999999999993,1001.6,29.4,4.8,9,3.5,9,1.8,82,56,0,0.9,7,0,171
6/21/10,107,32.9,23.1,9.8,27.6,1005.1,1001.5,3.60000000000002,1003.5,27.5,4.2,14,3,14,1.3,77,46,0,6,1,0,172
6/22/10,145,31.8,23.9,7.9,27.8,1003.6,1000.2,3.39999999999998,1002.2,28.4,6,10,3.9,10,1.7,77,50,0,3,2,0,173
6/23/10,121,31.9,23.7,8.2,28.2,1003.6,999.7,3.89999999999998,1002.3,28.1,4.7,10,3.4,10,1.7,75,54,0,6.1,3,0,174
6/24/10,109,32,23.4,8.6,26.8,1002.4,997.2,5.19999999999993,1000,25.8,8.2,4,5.3,3,2.2,75,51,9.5,6.8,4,0,175
6/25/10,125,30.3,22.1,8.2,25.9,1000.6,998.8,1.80000000000007,999.6,25.9,8.6,6,6.6,7,2.5,79,51,17.1,3.7,5,0,176
6/26/10,126,31.6,23.4,8.2,27.3,1004,999.7,4.29999999999995,1002.1,25.2,4.7,3,3.3,2,1.7,71,46,0,2,6,0,177
6/27/10,138,32.4,22.6,9.8,27.5,1004,998.9,5.10000000000002,1002,26.2,5.6,8,3.4,8,1.6,73,48,0,10,7,0,178
6/28/10,173,32.4,25.3,7.1,28.4,1002.6,998.8,3.80000000000007,1000.5,29.9,6.2,8,4.4,9,1.7,78,58,0,2.1,1,0,179
6/29/10,133,32,26.2,5.8,29,1004,999.4,4.60000000000002,1001.5,30.8,8,10,4.8,10,1.9,78,63,0,7.1,2,0,180
6/30/10,91,35.2,26.6,8.6,31.1,1003.4,996.5,6.89999999999998,1000.3,31,9.8,10,6.6,10,2.9,70,51,0,11.1,3,0,181
7/1/10,101,35.1,28.5,6.6,31.9,1000.5,994.4,6.10000000000002,998.1,29,11.6,10,7.1,10,4,62,46,0,10.8,4,0,182
7/2/10,116,35.3,29.2,6.1,32,999.1,993.9,5.20000000000005,996.8,29.3,11.2,11,7.1,11,3.8,62,49,0,10.8,5,0,183
7/3/10,138,34.8,29.5,5.3,31.8,999.9,995.1,4.79999999999995,998.1,30.1,9.8,11,6.5,12,2.8,64,53,0,4.6,6,0,184
7/4/10,106,32.6,27.5,5.1,30.2,1000.3,996.9,3.39999999999998,998.5,31.8,7.5,1,5.2,2,2.3,75,60,3270,0,7,0,185
7/5/10,130,31.1,26.7,4.4,27.7,998.8,995.8,3,997.4,30.5,9,10,5.4,10,2.2,82,65,0.4,0,1,0,186
7/6/10,103,34,25.1,8.9,28.8,1000.1,998,2.10000000000002,999.3,30.9,5.1,12,3.2,12,1.1,80,54,3270,3.2,2,0,187
7/7/10,73,34.8,25.4,9.4,29.7,1002.7,999.6,3.10000000000002,1000.8,31.2,5.5,7,3.8,8,1.1,76,48,0,4.2,3,0,188
7/8/10,93,30.9,24.8,6.1,27.6,1001.3,997.7,3.59999999999991,999.6,32,8.9,4,5.9,4,1.7,87,69,66,0,4,0,189
7/9/10,108,29.7,25.3,4.4,26.9,1000.6,998.4,2.20000000000005,999.5,31.1,4.3,1,2.9,1,1.4,88,73,24.9,0,5,0,190
7/10/10,110,29,24.8,4.2,26.8,1000.5,998.2,2.29999999999995,999.4,31.5,8.4,11,4.9,13,1.9,90,81,35.8,0,6,0,191
7/11/10,102,24.8,23.3,1.5,24.1,1002.2,999.8,2.40000000000009,1001,28,6.5,3,4.7,2,2.2,93,88,69.3,0,7,0,192
7/12/10,95,26.8,22.9,3.9,24.6,1002.3,1000.7,1.59999999999991,1001.8,27.6,7,9,4.8,10,1.9,90,81,7.8,0.7,1,0,193
7/13/10,76,25.1,23.9,1.2,24.6,1004.8,1002.1,2.69999999999993,1003.8,28.9,4.2,6,3,6,0.9,94,87,70.7,0,2,0,194
7/14/10,92,26.6,24.4,2.2,25.2,1005.6,1004,1.60000000000002,1004.9,29.7,2.9,1,2.1,3,0.7,93,86,15.4,0,3,0,195
7/15/10,64,30.1,24.5,5.6,27,1004.9,1001.6,3.29999999999995,1003.4,30.6,4.9,7,3.3,7,1.5,87,70,0.3,0.9,4,0,196
7/16/10,70,32.5,25.5,7,28.5,1003.1,1000.1,3,1001.6,32.1,5.2,7,3.7,7,1.9,83,64,1.8,0.9,5,0,197
7/17/10,56,31.7,27.1,4.6,28.8,1004.4,1000.7,3.69999999999993,1003.5,31.2,8,10,5.1,10,2.3,79,56,3270,0,6,0,198
7/18/10,60,33.6,27.1,6.5,30,1006.3,1003,3.29999999999995,1004.8,31.7,8.9,11,5.6,11,2.3,76,53,0,7.9,7,0,199
7/19/10,65,34,27.2,6.8,30.6,1005.1,1000.6,4.5,1002.4,30.1,9.8,10,6.6,10,2.6,69,50,3270,10.3,1,0,200
7/20/10,83,30.7,24.1,6.6,26.3,1005.2,1001.6,3.60000000000002,1003.3,30,5.6,1,3.8,3,2,88,66,42,0,2,0,201
7/21/10,52,26.7,23.7,3,25.3,1006.4,1002.8,3.60000000000002,1004.2,29.6,6.9,10,4.7,10,1.7,92,85,29,0,3,0,202
7/22/10,57,32.7,23.9,8.8,26.8,1006.5,1003.5,3,1005,29.2,13.2,9,7.6,8,2.7,83,63,0.4,1.1,4,0,203
7/23/10,43,34.6,24.3,10.3,28.3,1006.3,1002.2,4.09999999999991,1004.5,29.1,13.4,9,8.4,9,2.2,77,50,21.6,5.5,5,0,204
7/24/10,42,33.8,25,8.8,28.3,1006.4,1002.7,3.69999999999993,1004.6,29.7,7.6,13,4.4,14,1.5,79,54,3.6,8.7,6,0,205
7/25/10,40,33.4,26,7.4,27.9,1006.3,1004.2,2.09999999999991,1005.3,30.2,7.8,5,4.7,6,2,81,54,0.7,7,7,0,206
7/26/10,50,33.7,25.5,8.2,28.8,1007,1002,5,1004.9,31,6.8,2,3.4,2,1.7,79,57,3270,6.7,1,0,207
7/27/10,40,34.5,26.1,8.4,29.4,1004.2,999.7,4.5,1002,33,5,3,3.1,2,1,82,50,0,6.8,2,0,208
7/28/10,39,34.9,26.8,8.1,30.6,1001.5,996.5,5,999.4,33.1,6.3,10,4,10,1.7,77,54,0,6.1,3,0,209
7/29/10,38,35.3,29.1,6.2,31.7,998.6,995,3.60000000000002,997,32.2,8.1,10,5.4,10,2.3,70,51,0,8.7,4,0,210
7/30/10,38,35.2,29.2,6,31.9,999,996.1,2.89999999999998,997.4,31.6,8.4,11,5.3,10,1.9,68,49,0,10.5,5,0,211
7/31/10,27,35.3,28.6,6.7,31.9,999.3,997.1,2.19999999999993,998.4,31.3,9.5,10,6.1,10,3.2,67,49,0,10.7,6,0,212
8/1/10,33,35.3,29.3,6,31.8,1003.7,998.6,5.10000000000002,1002.2,29.9,10.7,10,7.1,10,3.6,64,48,0,7.6,7,0,213
8/2/10,29,35.9,29.2,6.7,32.5,1005.5,1001.8,3.70000000000005,1003.8,29.4,8.6,11,5.9,11,2.8,61,45,0,11.6,1,0,214
8/3/10,29,37.3,27.5,9.8,32.5,1003.2,999,4.20000000000005,1001.1,30,8.3,10,5.7,10,2.3,63,41,0,11.2,2,0,215
8/4/10,14,38.1,28.1,10,32.5,1001,998.4,2.60000000000002,999.9,31.7,7.3,12,4.5,12,2.1,67,37,0,11.7,3,0,216
8/5/10,17,37.5,28,9.5,32.5,1003.3,999.5,3.79999999999995,1002.1,33.8,10.9,2,6.2,3,2,70,45,4.9,7.7,4,0,217
8/6/10,29,31.9,26.2,5.7,28,1006.8,1003.2,3.59999999999991,1005.7,29.1,11,4,6.5,4,1.7,77,58,0.7,4.8,5,0,218
8/7/10,22,32.8,25.9,6.9,28.4,1007.1,1000.7,6.39999999999998,1003.7,32,5.8,3,3.7,2,1.6,83,61,4.2,1.9,6,0,219
8/8/10,12,33.1,26.2,6.9,28.7,1002.8,998,4.79999999999995,1000.7,31.7,7.9,7,5,7,1.8,81,60,4.9,4.4,7,0,220
8/9/10,15,34.7,26.2,8.5,30.2,1000.3,997.4,2.89999999999998,998.9,32.5,5.3,10,2.6,9,0.8,78,50,0,8.4,1,0,221
8/10/10,17,35.8,27.4,8.4,30.9,1001.1,998.2,2.89999999999998,1000,34,8.5,12,5.1,13,0.8,78,52,16.6,4.8,2,0,222
8/11/10,29,36.9,28.3,8.6,32.2,1002.4,999.1,3.29999999999995,1000.6,34.3,8,10,5.9,10,2.5,73,46,0,10.6,3,0,223
8/12/10,26,36.3,30.1,6.2,33.1,1001.8,998.5,3.29999999999995,1000.4,31.1,9.9,11,6.6,11,3.3,62,43,0,11.1,4,0,224
8/13/10,16,36.3,29.7,6.6,33,1000.4,997.5,2.89999999999998,999.1,29.6,9.6,13,6.5,10,3.3,60,45,0,11.4,5,0,225
8/14/10,20,35.9,28.9,7,32,1002,998.2,3.79999999999995,1000.2,28.8,9.7,10,6.2,11,3.1,62,44,0,9.6,6,0,226
8/15/10,13,31.9,27.3,4.6,28.9,1005.4,1001.9,3.5,1003.8,27.2,6.6,3,4.7,2,3.4,69,56,0,6.3,7,0,227
8/16/10,16,30.6,22.4,8.2,25.5,1006.1,1003.3,2.80000000000007,1004.6,25.7,7.7,10,4.4,3,1.5,80,56,17.9,3.1,1,0,228
8/17/10,22,33.2,24.1,9.1,27.9,1006.6,1003.5,3.10000000000002,1005.3,29.3,3.6,11,2.3,10,0.9,79,53,0,8.7,2,0,229
8/18/10,23,34.7,25.9,8.8,30.4,1007.3,1004.3,3,1006.1,31.8,6.4,10,4.4,10,1.7,75,48,0,10.8,3,0,230
8/19/10,18,36.3,27.2,9.1,30.6,1008.5,1005.4,3.10000000000002,1007.2,29.6,10.3,7,6.6,7,2.9,69,43,0,10.6,4,0,231
8/20/10,12,33.3,24.6,8.7,28.3,1009.8,1006.7,3.09999999999991,1008.5,28.4,16.6,10,9.7,10,2.5,75,53,7.1,7.6,5,0,232
8/21/10,19,34,24.5,9.5,29.1,1009.4,1005.2,4.19999999999993,1007.1,29,5.6,10,3.7,8,2,74,46,0,11,6,0,233
8/22/10,12,34.2,26.1,8.1,29.2,1007.9,1005,2.89999999999998,1006.6,30.8,11.2,5,6.7,4,1.8,77,54,0,7.4,7,0,234
8/23/10,8,31.5,23.9,7.6,27.4,1009.3,1004.6,4.69999999999993,1008,27.6,6.7,3,4.5,3,3,76,62,0,5,1,0,235
8/24/10,15,28.2,23.1,5.1,24.7,1009,1006.7,2.29999999999995,1008.2,24.9,7.7,4,4.8,3,2.5,80,71,3270,0,2,0,236
8/25/10,6,24.8,21.2,3.6,22.3,1009.7,1007.4,2.30000000000007,1008.5,22.8,5.4,16,3.5,3,2.1,85,73,3270,0,3,0,237
8/26/10,10,23,19.8,3.2,21.1,1010.5,1008.1,2.39999999999998,1009.2,22.4,5.1,16,3,1,1.9,90,81,21,0,4,0,238
8/27/10,14,25.9,20.9,5,22,1010.4,1007.7,2.69999999999993,1008.9,22.7,5.7,2,4,2,1.8,86,66,6.3,0,5,0,239
8/28/10,10,29.6,20,9.6,24,1009.8,1006.9,2.89999999999998,1008.4,22.8,4.8,16,3.2,1,1.1,78,47,0,8.9,6,0,240
8/29/10,5,31.3,20.2,11.1,24.8,1009.7,1005.5,4.20000000000005,1007.7,23,3.8,12,2.1,1,0.7,76,40,0,9.3,7,0,241
8/30/10,9,31,20.1,10.9,25,1007.3,1003.7,3.59999999999991,1005.5,23.5,4.8,3,3.2,2,1,77,45,0,9.1,1,0,242
8/31/10,8,32,21.7,10.3,26.1,1005.7,1003.2,2.5,1004.4,25.3,6.2,1,4.1,1,1.6,77,41,0,8.4,2,0,243
9/1/10,13,31.9,22.9,9,27,1006.6,1004.1,2.5,1005.4,24.8,9.1,2,6.6,2,2.7,71,47,0,9.2,3,0,244
9/2/10,4,30.7,23.9,6.8,27.1,1008.3,1005.8,2.5,1007.1,25.4,9.2,2,6.3,2,3.1,72,56,0,4.6,4,0,245
9/3/10,9,27.7,21.8,5.9,23.3,1008.2,1005.8,2.40000000000009,1007,24.8,9.4,3,6.1,3,1.6,87,67,24.9,0,5,0,246
9/4/10,13,26.8,21.7,5.1,23.6,1008.4,1005.8,2.60000000000002,1006.7,25.1,5.6,7,3.5,6,1.8,86,75,11.3,0,6,0,247
9/5/10,13,30.2,23.5,6.7,26,1007.8,1003.8,4,1006.1,27.2,5.3,2,3.9,3,2,82,63,0,0,7,0,248
9/6/10,9,32.8,24.4,8.4,27.7,1006.1,1001,5.10000000000002,1003.2,29.5,5.5,7,3.8,7,1.2,81,56,3270,4.5,1,0,249
9/7/10,12,31.1,25,6.1,27.2,1004.1,1000.4,3.70000000000005,1002.4,29.3,6.2,16,4.1,16,2,82,68,0,3.5,2,0,250
9/8/10,11,26.9,22,4.9,24.2,1008.8,1004.1,4.69999999999993,1007.5,24.2,6.5,3,4.5,3,2.3,81,68,1,0.8,3,0,251
9/9/10,4,26.5,21.1,5.4,23.8,1009.7,1005.7,4,1007.7,23.8,5.5,3,3.9,3,2,81,72,0,0,4,0,252
9/10/10,12,24.6,21.6,3,22.4,1007.5,1004.5,3,1006,22.7,6.7,16,4.2,3,2,84,73,0,0,5,0,253
9/11/10,27,29.3,20.7,8.6,23.6,1009.3,1006.1,3.19999999999993,1007.8,23.1,4.2,2,2.6,3,1.6,80,56,0,4.3,6,0,254
9/12/10,22,30.6,19.9,10.7,24.2,1010.2,1006.6,3.60000000000002,1008.5,24,5,2,3,2,0.9,81,42,0,4.2,7,0,255
9/13/10,17,29.3,22.2,7.1,25.3,1009,1005.8,3.20000000000005,1007.6,26.5,5,7,3.3,7,1.3,83,62,0,3,1,0,256
9/14/10,12,30.5,24.7,5.8,26.8,1010,1007.1,2.89999999999998,1008.2,28.2,3.6,10,2.5,9,0.9,81,61,0,1.1,2,0,257
9/15/10,17,32.9,24.4,8.5,28,1010.4,1005.7,4.69999999999993,1008.1,29.1,3.8,6,2.8,9,1.2,78,55,0,6.9,3,0,258
9/16/10,15,34.4,24.5,9.9,28.6,1008.5,1003.7,4.79999999999995,1006.3,29.3,5.4,9,3.4,9,1.7,77,44,0,9.9,4,0,259
9/17/10,20,35.7,26.6,9.1,30,1006.4,1002.3,4.10000000000002,1004.4,30.4,6,10,3.3,7,2.2,74,44,0,9.8,5,0,260
9/18/10,18,36.2,27.4,8.8,30.6,1005.7,1002.2,3.5,1004.2,30.8,4.7,6,3.4,7,1.6,72,41,0,8.8,6,0,261
9/19/10,14,34.4,25.7,8.7,29.4,1006.3,1002,4.29999999999995,1004.1,30.2,5.7,3,4.1,3,2.3,75,48,0,9.9,7,0,262
9/20/10,22,33.6,23.8,9.8,27.9,1005,1000.8,4.20000000000005,1003,26.5,5.6,2,3.8,3,2.1,72,47,0,7.8,1,0,263
9/21/10,22,33.1,25.3,7.8,28.7,1008.3,1002.5,5.79999999999995,1005.5,26.9,9.6,3,6.4,2,3.9,70,45,0,4.4,2,0,264
9/22/10,16,28.7,15.5,13.2,17,1017.8,1008.3,9.5,1015.8,15.9,15.1,3,9.7,2,6.5,82,72,11.7,0,3,1,265
9/23/10,23,22.6,15,7.6,17.7,1018.5,1013.7,4.79999999999995,1016,14.7,9.5,2,5.9,2,2.2,73,51,6,1.7,4,0,266
9/24/10,27,22.2,16.7,5.5,19.1,1015.5,1011.2,4.29999999999995,1013.3,16.3,5.5,4,3.4,3,1.6,75,53,3270,0,5,0,267
9/25/10,32,19.6,17.5,2.1,17.9,1013.8,1011.8,2,1013,18.4,5.5,3,3.4,3,2.3,90,72,2.7,0,6,0,268
9/26/10,26,20.9,15.9,5,18.2,1016.5,1013.8,2.70000000000005,1014.8,17.5,5,16,3.3,1,1.4,84,70,3,0,7,0,269
9/27/10,5,23.6,18.2,5.4,20.3,1015.3,1012.8,2.5,1014.1,19.3,3.8,12,2.3,13,1.2,82,60,3270,0.5,1,0,270
9/28/10,15,20.9,18.2,2.7,19.2,1016.9,1014,2.89999999999998,1015.9,20.4,6.8,2,4.1,3,1.6,92,82,23.4,0,2,0,271
9/29/10,15,23.3,17,6.3,18.6,1019.3,1016,3.29999999999995,1017.5,17.6,6.8,2,4.9,2,1.6,83,55,7,3.2,3,0,272
9/30/10,12,24.6,13.8,10.8,19.1,1018.5,1014.1,4.39999999999998,1016.6,18.2,3.6,6,2.1,8,1.1,84,53,0,7.6,4,0,273
10/1/10,21,22.3,17.4,4.9,20,1016.5,1012.6,3.89999999999998,1014.7,19.8,3.9,2,2.7,2,2,85,72,4.4,0,5,1,274
10/2/10,11,24.7,16.5,8.2,20,1017.3,1014.2,3.09999999999991,1015.8,18,6.7,16,4.1,1,1.8,78,54,6.1,0,6,1,275
10/3/10,15,26.9,14.2,12.7,19,1019.3,1015.6,3.69999999999993,1017.4,15.1,4.1,3,2.7,3,1,74,28,0,8.5,7,1,276
10/4/10,14,25.6,12.8,12.8,17.8,1019.9,1015.5,4.39999999999998,1017.6,14,3.4,13,2.2,2,1.4,75,20,0,9.3,1,1,277
10/5/10,11,26.6,12.4,14.2,18.4,1017.6,1013.2,4.39999999999998,1015.6,14.4,3.7,16,2.4,2,1,74,27,0,9.6,2,1,278
10/6/10,14,26.1,14,12.1,18.9,1015.9,1011.5,4.39999999999998,1013.9,15.4,4.8,8,3.1,7,0.9,75,27,0,8.6,3,1,279
10/7/10,11,25.9,16.4,9.5,19.9,1014.2,1011.1,3.10000000000002,1012.6,17.2,3.4,5,2.2,6,0.5,78,35,0,5,4,1,280
10/8/10,16,26.8,13.6,13.2,19.4,1013.9,1009.2,4.69999999999993,1011.6,17.3,2.8,9,1.7,9,0.5,80,44,0,6.1,5,0,281
10/9/10,7,27.9,14.2,13.7,19.9,1010.6,1005.9,4.70000000000005,1008.6,16.9,5.2,7,3.5,6,1.1,77,32,0,9.1,6,0,282
10/10/10,9,23.5,17.1,6.4,19.9,1009,1005.9,3.10000000000002,1007.3,16.6,5.7,7,3.7,7,1.6,72,49,5.5,0,7,0,283
10/11/10,6,23,16.3,6.7,19.1,1014,1008.7,5.29999999999995,1011.9,18.2,5.2,3,3.8,1,2.2,83,64,9.3,0.9,1,0,284
10/12/10,8,20.8,18.2,2.6,18.7,1016,1012.8,3.20000000000005,1014.8,19.5,3.5,2,2.6,1,1.1,91,72,18.5,0,2,0,285
10/13/10,6,18.3,15,3.3,15.9,1016.3,1013.3,3,1014.5,16.1,5.7,2,3.8,2,1.9,89,83,19,0,3,0,286
10/14/10,7,17.1,14.2,2.9,15.4,1017.3,1013.5,3.79999999999995,1015.5,15.7,6.1,1,3.6,1,1.9,90,84,18.9,0,4,0,287
10/15/10,9,23.1,13.6,9.5,17.2,1020.3,1016.4,3.89999999999998,1017.8,15.8,3.3,10,2.2,10,0.7,83,52,0,7.1,5,0,288
10/16/10,9,24.8,11.7,13.1,17.2,1017.7,1013.7,4,1016,15.2,4.2,6,2.9,6,1.1,80,45,0,7.5,6,0,289
10/17/10,17,27.3,12,15.3,17.9,1018.6,1014.3,4.30000000000007,1016.4,15.4,4.9,7,3.5,7,1,79,30,0,7.7,7,0,290
10/18/10,16,21.3,16.3,5,18.4,1019.5,1016.4,3.10000000000002,1017.5,16.6,5.7,2,3.4,2,1.9,79,64,3270,0,1,0,291
10/19/10,16,23.9,13.6,10.3,18,1018.9,1015.1,3.79999999999995,1017.1,16,5.7,4,3.9,3,1.8,80,51,0,7.3,2,0,292
10/20/10,15,21.4,14.4,7,16.9,1018.6,1015.4,3.20000000000005,1016.9,15.5,8.6,2,5.8,3,2.3,82,62,0,6,3,0,293
10/21/10,6,22.5,12.6,9.9,16.5,1018.2,1012.7,5.5,1015.8,14.6,6,1,3.5,1,1.6,80,51,0,5.1,4,0,294
10/22/10,12,24.8,10.8,14,17.1,1015.4,1010.2,5.19999999999993,1012.9,13.8,5.3,2,3.6,2,1.4,75,36,0,9.4,5,0,295
10/23/10,12,24.5,12.1,12.4,17.2,1012.9,1008.3,4.60000000000002,1010.7,14.7,6.3,3,4,2,1.5,78,42,0,8.8,6,0,296
10/24/10,16,23.5,14.4,9.1,18.4,1012.6,1009.3,3.30000000000007,1010.8,16.4,7.4,2,4.9,2,2.3,79,54,0,5.3,7,0,297
10/25/10,14,18.9,10.7,8.2,13.9,1024.7,1012.6,12.1,1020.1,12.6,13.4,2,9.4,2,5.3,79,57,1.5,0,1,0,298
10/26/10,12,14.5,9.8,4.7,11.6,1030.1,1024.6,5.5,1028.1,7,9.9,3,6.8,2,5.3,52,33,0.1,0,2,0,299
10/27/10,11,14.6,8.5,6.1,10.5,1031.4,1026,5.40000000000009,1028.5,7.3,8.6,3,5.6,2,2.2,59,33,0.2,3.6,3,0,300
10/28/10,11,16.4,3.5,12.9,10,1029.1,1024.4,4.69999999999982,1026.6,7.7,7,2,5.1,2,1.4,68,32,0,8,4,0,301
10/29/10,24,18.1,7.3,10.8,11.7,1028.6,1025,3.59999999999991,1026.4,9.2,5.8,2,3.7,1,0.8,71,29,0,0.7,5,0,302
10/30/10,22,19.8,5.5,14.3,11,1028.7,1024.4,4.29999999999995,1026.2,9,5.2,3,2.5,2,0.7,74,25,0,8.5,6,0,303
10/31/10,16,20.8,5.4,15.4,11.5,1025.6,1020.8,4.79999999999995,1023.3,9.7,4.6,9,2.8,5,0.6,77,29,0,8.6,7,0,304
11/1/10,13,20.8,6.3,14.5,12.4,1023.2,1019,4.20000000000005,1020.9,9.7,5.9,8,4.2,6,1.5,73,27,0,5.8,1,0,305
11/2/10,10,18.2,10,8.2,13.6,1025.5,1020.3,5.20000000000005,1023.3,11.2,5,3,3.4,2,1,75,45,0,0,2,0,306
11/3/10,9,19.4,11,8.4,13.4,1026.5,1021.5,5,1024,11.1,4,3,2.6,2,1.2,75,41,0,5.7,3,0,307
11/4/10,10,20.9,6.7,14.2,12.3,1024.1,1019.8,4.29999999999995,1022.2,10.1,3.4,11,2.2,9,1.1,76,30,0,7.8,4,0,308
11/5/10,12,21.4,7.4,14,12.7,1022.3,1017.4,4.89999999999998,1019.9,10.3,3.2,14,1.9,7,0.7,75,32,0,7,5,0,309
11/6/10,13,21.9,6.4,15.5,12.3,1019.3,1014.8,4.5,1017.2,10,3.9,6,2.5,9,0.9,76,28,0,8.4,6,0,310
11/7/10,11,21.8,7.6,14.2,13.5,1019.3,1016.4,2.89999999999998,1017.7,11.7,4.9,1,3.4,1,1,79,40,0,5.1,7,0,311
11/8/10,17,21.5,9.4,12.1,13.9,1023.9,1018.2,5.69999999999993,1021.8,9,6,2,4,2,1.6,61,22,0,8,1,0,312
11/9/10,12,22.7,5.8,16.9,12.9,1023.4,1016.4,7,1020.4,9.7,7.3,11,4,11,1.3,71,26,0,8.8,2,0,313
11/10/10,14,25.2,8.4,16.8,15,1017.8,1013,4.79999999999995,1015.6,11.7,5.7,12,3.8,12,1,74,32,0,8.7,3,0,314
11/11/10,10,22.2,10.6,11.6,15.2,1021.4,1014,7.39999999999998,1017.9,11.5,6.8,11,4,9,1.5,70,28,6.1,4.3,4,0,315
11/12/10,4,21.6,7.5,14.1,13.3,1018.4,1012.4,6,1015.5,11.2,5.4,7,3.7,7,1.6,78,34,0,9.2,5,0,316
11/13/10,16,22.1,9.8,12.3,16.6,1019.7,1014,5.70000000000005,1017.1,10.6,6.8,3,5,3,2.7,59,34,0,5.1,6,0,317
11/14/10,6,18,7,11,11.7,1029.3,1019.7,9.59999999999991,1024.8,8.4,11.1,1,6.7,2,3.9,62,39,3270,0,7,0,318
11/15/10,16,8.7,6.1,2.6,7.6,1031.5,1027.2,4.29999999999995,1029.2,9,8.4,2,6,2,2.7,87,77,4.6,0,1,0,319
11/16/10,9,14.6,4.9,9.7,9.3,1027.8,1021,6.79999999999995,1023.7,9,4.7,12,2.4,12,1,79,50,0.6,4.8,2,0,320
11/17/10,21,14.2,3.5,10.7,7.9,1023.5,1019.5,4,1021.7,9,3.5,8,2.4,10,0.8,85,57,0,0.8,3,0,321
11/18/10,13,15.4,6,9.4,9.5,1021.6,1017.8,3.80000000000007,1019.9,9.5,3.9,10,2.1,10,0.6,83,55,0,1.1,4,0,322
11/19/10,11,19.2,5.7,13.5,11.1,1021.6,1014.4,7.20000000000005,1017.4,10.1,3.8,12,2.3,11,1.1,79,39,0,7.4,5,0,323
11/20/10,24,21.1,6.4,14.7,12.6,1015.2,1008.1,7.10000000000002,1011.1,10.4,4.9,8,2.8,6,1.1,76,31,0,7.7,6,0,324
11/21/10,13,16.1,11.7,4.4,13.8,1014,1007.6,6.39999999999998,1010.7,13.3,4,7,3,7,1,84,73,3.3,0,7,0,325
11/22/10,21,15.9,5.3,10.6,9.5,1019.3,1013.9,5.39999999999998,1017.2,6.3,5,2,3.6,1,1.7,56,19,0,6.5,1,0,326
11/23/10,11,17,2.8,14.2,9.6,1018.2,1015.2,3,1016.6,7.4,5.3,7,3.5,7,1,66,30,0,7.2,2,0,327
11/24/10,24,14.8,4.8,10,8.4,1021.3,1015.8,5.5,1019.3,8.1,3.9,2,2.7,2,1,77,42,0,0.2,3,0,328
11/25/10,12,16.3,2.6,13.7,7.8,1024.8,1019.9,4.89999999999998,1022.2,7.9,3.5,7,2.5,7,0.7,79,41,0,7.4,4,0,329
11/26/10,13,19.2,6.4,12.8,11.5,1021,1015.4,5.60000000000002,1018.1,9.3,5.6,12,3.5,10,1.3,73,34,0,7.3,5,0,330
11/27/10,16,19.2,3.9,15.3,11.2,1019.2,1015.1,4.10000000000002,1017.2,10,4.1,2,3,3,1.5,77,39,0,6.5,6,0,331
11/28/10,19,18.9,10.3,8.6,13.5,1022.3,1017.1,5.19999999999993,1020,9.8,7.3,3,4.9,2,1.1,65,39,3270,3.3,7,0,332
11/29/10,20,20.2,7.3,12.9,12.2,1020.2,1015.8,4.40000000000009,1018.5,10,3.4,14,1.8,9,0.7,75,33,0,5.8,1,0,333
11/30/10,18,21.3,5.9,15.4,11.7,1019.1,1015.3,3.80000000000007,1017.1,8.9,4,14,2.3,13,1,71,29,0,7.2,2,0,334
12/1/10,15,20.2,4.3,15.9,11.4,1016.9,1011.9,5,1014.5,9.6,4.7,10,3,10,1,75,40,0,3.1,3,0,335
12/2/10,20,19.5,6.6,12.9,11.2,1020.4,1013.4,7,1017,9.7,6.4,1,4.4,1,1.2,77,36,0,7.8,4,0,336
12/3/10,13,18.3,3.2,15.1,9.4,1023.6,1017.9,5.70000000000005,1020.8,7.1,5.4,6,3.8,6,1.5,64,29,0,7.9,5,0,337
12/4/10,13,21,5.9,15.1,13.6,1018.5,1009.7,8.79999999999995,1013.3,8.1,6.5,10,4.6,10,2.6,54,28,0,8.6,6,0,338
12/5/10,18,22.1,8.7,13.4,14,1014.4,1009.4,5,1011.5,10.5,5.2,12,3.5,12,1.6,68,41,0,7.1,7,0,339
12/6/10,20,15.5,7.9,7.6,10.4,1028,1014.4,13.6,1024.5,5.9,13.7,1,9.3,2,5.5,47,29,0,0,1,0,340
12/7/10,26,13.5,-0.3,13.8,6.5,1029,1019,10,1024.2,4.9,7.4,13,4.7,2,1.9,56,21,0,8,2,0,341
12/8/10,21,17.1,1.6,15.5,7.4,1019,1013.6,5.39999999999998,1015.5,6.4,5.8,13,3.8,13,1.1,65,29,0,8.3,3,0,342
12/9/10,18,18.8,1.8,17,10.6,1015.4,1008.9,6.5,1012,7.3,5.8,6,4.1,7,2.4,62,26,0,8.3,4,0,343
12/10/10,14,18.8,3.3,15.5,9.3,1012.1,1008.3,3.80000000000007,1010.1,8.3,5.8,7,4,7,0.9,74,38,0,6.7,5,0,344
12/11/10,14,14.4,8.4,6,11.8,1018.1,1012.2,5.89999999999998,1014.8,4.8,6.5,3,4.8,2,2.9,35,24,0,0,6,0,345
12/12/10,15,11.6,8.2,3.4,9.5,1013.3,1006.9,6.39999999999998,1009.7,10.1,5.8,7,3.9,7,1.8,85,41,4.8,0,7,0,346
12/13/10,23,10.2,5.3,4.9,8.2,1018.7,1008.8,9.90000000000009,1014,9.3,9.1,3,6.4,3,3,85,77,2.3,0,1,0,347
12/14/10,11,5.3,0.9,4.4,1.7,1025.7,1018.8,6.90000000000009,1024.3,6,9.4,2,7.2,3,4.5,87,75,1,0,2,0,348
12/15/10,11,1.1,-1.8,2.9,-0.6,1032.8,1025.4,7.39999999999986,1029.7,5,12.5,2,8.9,2,5.3,86,71,4.3,0,3,0,349
12/16/10,14,4.5,-4,8.5,0.4,1033.9,1022.1,11.8000000000001,1027.4,4.5,8.1,12,5,12,2.7,72,44,0,7.9,4,0,350
12/17/10,21,9.9,-3.6,13.5,1.9,1022.5,1017.8,4.70000000000005,1019.9,5.3,5.6,10,3.8,10,1.7,77,45,0,8.8,5,0,351
12/18/10,22,10.2,-0.6,10.8,4.5,1018.2,1012.7,5.5,1015.4,6.3,4.6,6,3.5,6,1.5,76,48,0,3.9,6,0,352
12/19/10,16,14.4,4.1,10.3,8.6,1020.2,1014.5,5.70000000000005,1017.8,7.6,4.5,14,2.7,15,1.2,70,35,0,3.9,7,0,353
12/20/10,25,14.9,-0.6,15.5,6.6,1019.9,1013.1,6.79999999999995,1016.7,7,2.6,14,1.7,14,0.9,76,29,0,4.6,1,0,354
12/21/10,15,15.3,1.9,13.4,7.2,1016.3,1013,3.29999999999995,1014.3,7.4,5,12,3.4,11,1.4,75,43,0,7.5,2,0,355
12/22/10,10,18.4,-0.8,19.2,6.4,1016.9,1012.4,4.5,1014.9,6.5,4.2,9,3,9,1,75,26,0,8.4,3,0,356
12/23/10,11,16.5,0.2,16.3,7,1018.5,1014.1,4.39999999999998,1016.1,6.7,11.6,3,8.2,3,3.5,72,35,0,6.2,4,0,357
12/24/10,13,7.8,-0.2,8,2.8,1026.9,1018.5,8.40000000000009,1024.6,5.8,14.1,3,9.7,2,6.8,77,65,1.3,0,5,0,358
12/25/10,12,2.9,-1.1,4,0.3,1029.3,1024.2,5.09999999999991,1026.9,3.7,10.5,2,7,2,2.9,60,36,1.5,1.9,6,0,359
12/26/10,16,7.3,-1.5,8.8,1.5,1026.4,1018.7,7.70000000000005,1022,5.4,7,12,4.6,10,2.3,79,61,0,3,7,0,360
12/27/10,20,11.4,-2.8,14.2,2.5,1018.9,1012.9,6,1016.1,5.6,5.5,13,3.8,11,1.5,80,46,0,6,1,0,361
12/28/10,10,13,-2.5,15.5,3.6,1020.8,1015.8,5,1017.7,6.2,3.6,4,2.6,4,0.9,80,40,0,6.9,2,0,362
12/29/10,9,11.8,-1.4,13.2,4.7,1023.6,1016.1,7.5,1018.7,5.9,6.3,2,4.5,1,1.7,72,42,0,1.9,3,0,363
12/30/10,12,9,-0.9,9.9,3.6,1029.7,1023.6,6.10000000000002,1026.7,2.3,10.2,4,7.1,3,3.3,32,11,0,7.9,4,0,364
12/31/10,13,5.8,-2.9,8.7,1,1029,1024.1,4.90000000000009,1026.4,1.9,8.7,2,6,3,2.2,30,12,0,6.8,5,0,365
1/1/11,11,4.1,-2.6,6.7,0.9,1029.5,1025.1,4.40000000000009,1027.5,1.8,10,3,6.2,3,4,28,14,0,0,6,1,366
1/2/11,13,1.7,-2.4,4.1,-0.9,1030.4,1027,3.40000000000009,1028.3,4.1,7.3,3,5.2,3,2.6,74,23,4.5,0,7,1,367
1/3/11,10,1.9,-2.8,4.7,-0.6,1031.1,1026.5,4.59999999999991,1028.5,4.3,4.5,16,3.1,16,1.4,74,55,0.2,3.2,1,1,368
1/4/11,22,4.1,-0.9,5,1.6,1029.4,1022.8,6.60000000000014,1026,4.3,2.8,14,1.9,15,1.2,63,49,0,0,2,0,369
1/5/11,24,2.8,1.2,1.6,2,1028.3,1023.7,4.59999999999991,1025.2,4.6,4.8,1,3.3,2,1.1,65,55,3270,0,3,0,370
1/6/11,8,4.1,-1.9,6,0.9,1036.4,1028.4,8,1033.4,3.1,9.4,2,6.5,3,3.3,49,25,3270,7,4,0,371
1/7/11,7,4.3,-6.5,10.8,-2.3,1033.8,1025.9,7.89999999999986,1030.3,3,3.9,1,2.8,1,1,62,26,0,4.7,5,0,372
1/8/11,7,6.3,-5.9,12.2,-0.6,1026.4,1021.9,4.50000000000011,1024.4,3.9,4.5,2,2.6,2,1.1,70,35,0,7.5,6,0,373
1/9/11,8,5.4,0.5,4.9,2.6,1034.7,1024.9,9.79999999999995,1030.6,2.7,12,2,8.9,2,4.1,37,22,0,7,7,0,374
1/10/11,8,3.8,-6.7,10.5,-1.3,1031.9,1025.1,6.80000000000018,1028.1,2.5,5.8,1,3.2,2,1.4,49,18,0,1.5,1,0,375
1/11/11,7,7.9,-3.1,11,0.4,1026.8,1021.5,5.29999999999995,1024.3,2.9,8.6,16,5.9,16,1.9,49,17,0,7.3,2,0,376
1/12/11,10,8.1,-6.6,14.7,-1.3,1024.6,1018.9,5.69999999999993,1021.9,3.3,5.4,7,4.2,7,1.6,65,18,0,8.1,3,0,377
1/13/11,3,8.6,-4.7,13.3,2,1022.3,1018.6,3.69999999999993,1020.4,4.2,4.2,2,2.7,2,0.9,63,29,0,0,4,0,378
1/14/11,6,12,2.4,9.6,6.1,1025.5,1019.9,5.60000000000002,1022,4,7.7,2,5.4,2,2.9,48,14,0,4.5,5,0,379
1/15/11,2,7,-0.1,7.1,2.4,1036.6,1025.5,11.0999999999999,1033.2,2.7,12.1,3,8.2,3,4.4,37,18,0,8.3,6,0,380
1/16/11,7,4.3,-7.8,12.1,-2.1,1033.6,1028.9,4.69999999999982,1031.1,2.5,6.2,3,4.3,3,1.5,52,26,0,6.3,7,0,381
1/17/11,8,3.6,-2.1,5.7,1.1,1032.2,1027.7,4.5,1029.5,2.8,4.7,2,3.1,3,2.1,43,29,0,0,1,0,382
1/18/11,5,1.8,-2,3.8,-0.6,1030.2,1026.6,3.60000000000014,1028.1,4.8,4.9,1,3.1,3,1.8,83,38,4.8,0,2,0,383
1/19/11,6,2.8,-1.2,4,0.3,1028.9,1024.6,4.30000000000018,1026.9,4.8,5.8,2,4.5,3,2.3,76,61,0.1,0,3,0,384
1/20/11,4,0.7,-1.7,2.4,-0.6,1027.9,1024.4,3.5,1025.9,5.2,5.5,2,3.9,3,1.8,89,79,5.2,0,4,0,385
1/21/11,10,2.7,-1.9,4.6,0.2,1028.2,1024.8,3.40000000000009,1026.9,4.5,4.3,9,3.4,10,1.5,74,61,0,2.8,5,0,386
1/22/11,2,2,-4,6,-0.5,1027.3,1022.9,4.39999999999998,1025.1,5.1,4.2,2,3.4,3,0.9,87,72,0,0,6,0,387
1/23/11,9,6.8,-2.5,9.3,1.9,1030.7,1024.9,5.79999999999995,1028.5,5,6.9,3,5.1,2,1.8,72,49,3270,6.1,7,0,388
1/24/11,1,6.5,-5.6,12.1,0.4,1031.1,1026.6,4.5,1029,4.5,3.8,1,2.7,4,1.1,74,38,0,3.5,1,0,389
1/25/11,2,8.3,-3,11.3,2.7,1029.6,1025.2,4.39999999999986,1027.2,4.7,5.3,3,3.5,3,1.1,67,31,0,3.8,2,0,390
1/26/11,1,5.9,2.6,3.3,4,1032.4,1027.3,5.10000000000014,1029.8,4.3,6.1,3,4.1,3,1.1,54,36,0,0,3,0,391
1/27/11,2,4.8,1.4,3.4,2.9,1032.2,1029.1,3.10000000000014,1030.9,5.2,6.3,16,4.5,2,2.5,69,49,0.5,0,4,0,392
1/28/11,3,5.9,0.4,5.5,1.8,1036.2,1031.2,5,1033.6,5.1,7.9,3,5.1,2,3.1,74,50,0.3,3,5,0,393
1/29/11,2,6.3,-4.4,10.7,0.1,1036.7,1031.1,5.60000000000014,1034,3.8,10.6,2,5.4,3,2.3,66,23,0,7.5,6,0,394
1/30/11,2,6.3,-5.8,12.1,-1.2,1036.9,1031.3,5.60000000000014,1033.6,3.5,5.5,3,3.8,3,1.4,66,26,0,8.1,7,0,395
1/31/11,2,8.3,-6.6,14.9,0.2,1032.9,1026,6.90000000000009,1029.6,3.3,4,6,2.7,6,0.8,61,18,0,6.3,1,0,396
2/1/11,2,11,-2.8,13.8,3.6,1026.6,1021.8,4.79999999999995,1024.4,3.9,6,13,3.9,13,2,53,20,0,8,2,0,397
2/2/11,2,13,-3.5,16.5,3,1023.9,1018.4,5.5,1021.2,4.7,5.8,10,3.7,11,1.5,68,22,0,7,3,1,398
2/3/11,0,14.6,-3.4,18,3,1021,1015.8,5.20000000000005,1018.7,4.9,3.6,15,2.3,16,1.1,71,26,0,6.7,4,1,399
2/4/11,0,16.7,-2.2,18.9,4.9,1017.7,1015,2.70000000000005,1016.8,5.5,4.2,8,2.8,7,1,70,25,0,6.2,5,1,400
2/5/11,0,16.4,-1.3,17.7,6.6,1018.7,1011.8,6.90000000000009,1015.7,6.1,5.5,6,3.4,8,1.4,68,32,0,4.3,6,1,401
2/6/11,1,18.1,2.9,15.2,8.6,1017.4,1012.1,5.29999999999995,1014.1,6.9,5.1,5,3.6,1,1.1,68,28,0,6.7,7,1,402
2/7/11,0,17.3,4.5,12.8,10.6,1013.3,1004,9.29999999999995,1007.8,8.2,3.2,7,2.4,7,1,65,45,0,0,1,1,403
2/8/11,0,19.2,7.5,11.7,13,1007,1003.7,3.29999999999995,1005.5,8.4,6.2,4,4.4,3,2.1,59,34,0,3.4,2,1,404
2/9/11,1,14.2,5.7,8.5,8.5,1013.6,1005.6,8,1010.2,8.1,10,2,7.4,3,4.1,74,42,2.8,0,3,0,405
2/10/11,1,5.6,1,4.6,2.5,1022.8,1013.6,9.19999999999993,1019.6,6,9.7,3,6.7,3,4.6,82,71,1.6,0,4,0,406
2/11/11,3,6.3,-1.3,7.6,1.7,1028,1022.8,5.20000000000005,1025.6,5.6,6.3,1,4.7,3,2.1,81,59,0,3.1,5,0,407
2/12/11,4,5.1,-0.6,5.7,1.6,1027.8,1022.9,4.89999999999998,1025.5,5.5,6.5,4,4.5,3,2,81,60,5.6,0,6,0,408
2/13/11,0,7.8,-1.1,8.9,2,1025.3,1021.9,3.39999999999998,1023.6,5.9,5.5,13,3.5,13,1.9,84,52,0,5.9,7,0,409
2/14/11,0,7.1,-0.7,7.8,2.5,1030.8,1024.4,6.39999999999986,1027.9,4.5,8.6,3,6.5,3,3.4,64,27,0,8.4,1,0,410
2/15/11,1,4.8,0.7,4.1,2.7,1027.6,1021.6,5.99999999999989,1024.4,4,6.5,4,4.5,3,2.4,53,40,0,0,2,0,411
2/16/11,5,9.4,2,7.4,4.2,1023,1016.5,6.5,1019.3,5.5,6.6,12,2.8,9,1.1,68,42,0,2.9,3,0,412
2/17/11,0,12.7,2,10.7,6.8,1021,1016.9,4.10000000000002,1018.9,5.7,5.1,2,2.6,2,1.1,61,31,0,7.7,4,0,413
2/18/11,3,10.9,3.2,7.7,5.9,1023.2,1018.7,4.5,1020.9,5.8,5,6,3.3,3,1.7,65,35,0,0,5,0,414
2/19/11,3,12.4,0.9,11.5,5.7,1023.2,1019,4.20000000000005,1021.1,5.6,4.9,3,3.5,2,1.3,64,28,0,5.3,6,0,415
2/20/11,3,14,-1.5,15.5,4.5,1024.2,1019.8,4.40000000000009,1021.8,5.2,4.9,2,2.9,3,0.9,67,25,0,8.1,7,0,416
2/21/11,0,15.7,-0.9,16.6,5.8,1022.5,1016.2,6.29999999999995,1019.6,5.6,4.7,8,3.4,6,1,67,25,0,8.2,1,0,417
2/22/11,1,14.9,5,9.9,10.4,1019.3,1016,3.29999999999995,1017.6,7.3,4.3,4,2.8,3,1.2,60,33,0,0,2,0,418
2/23/11,3,19,5.8,13.2,11.2,1017.7,1012.3,5.40000000000009,1014.9,8,5,10,3.3,10,1.7,64,33,0,8.3,3,0,419
2/24/11,1,21.6,4.3,17.3,11.4,1014.3,1009,5.29999999999995,1011.8,8.9,5,7,3.1,8,1,70,35,0,8.1,4,0,420
2/25/11,1,17.5,12.2,5.3,14.4,1015,1010.5,4.5,1012.6,11.5,7.2,3,5.3,3,3.2,71,51,2.1,1,5,0,421
2/26/11,0,12.2,5.8,6.4,8.2,1016.1,1011.5,4.60000000000002,1013.6,9.9,6.4,4,4.8,3,3,90,82,5.7,0,6,0,422
2/27/11,4,5.9,3.2,2.7,3.8,1018.5,1013.1,5.39999999999998,1016.8,7.1,7.2,2,5.1,3,3.2,89,81,1.1,0,7,0,423
2/28/11,6,3.3,1.2,2.1,1.9,1021.8,1018.1,3.69999999999993,1020.2,6,8.3,3,6.1,3,3.7,86,79,0.3,0,1,0,424
3/1/11,3,7.9,1,6.9,3.6,1027.2,1021.6,5.60000000000002,1024.5,6.1,7,2,5.1,1,2.9,77,57,0.5,2.8,2,0,425
3/2/11,4,7.7,-1.3,9,3.5,1025.2,1020.7,4.5,1023.4,6,4.9,1,3.6,3,1.1,77,55,0,0,3,0,426
3/3/11,6,13.7,4.6,9.1,8,1026.5,1022.1,4.39999999999998,1024.4,6,6.7,2,4.7,2,2.6,58,28,0,4.9,4,0,427
3/4/11,2,13.4,-0.8,14.2,6.2,1025.3,1017.4,7.89999999999998,1021.6,5.6,6,2,4.2,3,1.6,64,29,0,8.2,5,0,428
3/5/11,7,10.8,8.2,2.6,9.1,1019,1014.4,4.60000000000002,1016.3,8,4.7,10,3.4,10,2,69,47,3270,0,6,0,429
3/6/11,5,10.4,6.8,3.6,8.1,1021.1,1015.2,5.89999999999998,1017.9,8.4,9,1,5.7,1,1.9,78,61,1.2,0,7,0,430
3/7/11,3,17.1,2.1,15,8,1026,1019.3,6.70000000000005,1022.8,6.7,5.3,9,3.4,10,1.1,69,23,0,7.8,1,0,431
3/8/11,6,19,3.4,15.6,10,1021.4,1015.6,5.79999999999995,1019.1,7.9,6.9,9,4.5,9,1.7,70,21,0,8.4,2,0,432
3/9/11,8,19.5,5.2,14.3,11.8,1025.8,1017.1,8.69999999999993,1023.1,7.5,10.4,2,7.6,3,3.6,59,27,0,6.3,3,0,433
3/10/11,7,17.8,2.2,15.6,9.2,1026.4,1020.1,6.30000000000007,1023.4,5.4,7.3,3,4.9,3,1.4,52,12,0,5.7,4,0,434
3/11/11,4,17.4,3.5,13.9,9.8,1021.8,1015.5,6.29999999999995,1019,7.5,4.8,10,3.4,10,1.1,65,24,0,2.5,5,0,435
3/12/11,8,19.5,5.8,13.7,12.1,1017.4,1011,6.39999999999998,1014.3,9.4,6.4,10,4.4,10,1.9,69,40,0,9.3,6,0,436
3/13/11,7,16.6,7.1,9.5,12.6,1012.7,1006.4,6.30000000000007,1009.7,11.5,6.3,6,4.2,7,2.2,79,60,3270,0,7,0,437
3/14/11,6,16.8,8.9,7.9,12.1,1025.4,1008.5,16.9000000000001,1017.9,8.9,15.9,3,11.7,3,4.5,64,32,0,2.6,1,0,438
3/15/11,4,13.9,4.6,9.3,8.6,1033.7,1025.4,8.29999999999995,1030.1,4.7,15.2,1,10.4,1,4.1,45,16,0.7,6.8,2,0,439
3/16/11,11,16.8,2.1,14.7,9.6,1030.3,1023.1,7.19999999999993,1026.9,5.1,7.3,2,4.1,16,1.8,48,12,0,8.5,3,0,440
3/17/11,10,18.6,3.8,14.8,11.4,1025.1,1017.2,7.89999999999986,1021.6,5.9,7,8,4.3,8,1.8,49,13,0,9.6,4,0,441
3/18/11,5,15.4,10.7,4.7,12.7,1018,1014,4,1015.9,9.3,8.5,10,6,10,2.4,64,39,3270,2,5,0,442
3/19/11,4,14.1,10.9,3.2,12.5,1015.8,1006.7,9.09999999999991,1010.7,12.1,6.1,5,4.3,7,1.9,84,67,2.1,0,6,0,443
3/20/11,7,13.6,7.8,5.8,9.7,1013.2,1007.4,5.80000000000007,1010.9,10.6,7.9,2,5.5,2,3.7,87,76,4.1,0,7,0,444
3/21/11,11,8.1,6.2,1.9,7.3,1022.9,1011.3,11.6,1017.9,8.8,10.5,1,6.7,2,4.9,86,80,18.6,0,1,0,445
3/22/11,14,12.1,5.6,6.5,8.3,1031,1022.7,8.29999999999995,1028.1,7.8,9.3,3,6.4,2,3.8,73,43,4.9,3.7,2,0,446
3/23/11,15,14.6,4.4,10.2,9.9,1028.5,1021.4,7.10000000000002,1025.2,8.1,5.7,10,3.4,9,1.9,68,34,3270,4.2,3,0,447
3/24/11,8,15.7,7.7,8,10.9,1027.7,1023.7,4,1025.4,6.9,10.1,3,7,3,3.3,57,21,3270,6.1,4,0,448
3/25/11,11,16.1,4.9,11.2,10.3,1030,1024.7,5.29999999999995,1027.5,4.8,7.5,4,5.5,3,2.5,41,14,0,6.9,5,0,449
3/26/11,11,18.6,5.3,13.3,11.9,1027.7,1021.9,5.80000000000007,1025.4,6.3,5.4,2,3.2,3,1.4,51,10,0,8.4,6,0,450
3/27/11,15,20.7,5.9,14.8,13,1025.1,1020.2,4.89999999999986,1023.1,7.3,4.8,12,2.8,11,1.3,55,16,0,9.1,7,0,451
3/28/11,16,21.2,5.7,15.5,13,1025.3,1020.5,4.79999999999995,1022.9,7.9,6.2,15,4,13,1.7,58,21,0,8.4,1,0,452
3/29/11,15,22.7,5.7,17,13.3,1027.1,1020.8,6.29999999999995,1023.8,8.4,6.1,4,4.4,4,1,63,11,0,9.3,2,0,453
3/30/11,10,22.9,9.1,13.8,15.9,1022,1015.6,6.39999999999998,1018.7,7.6,5.7,7,4.3,7,2.2,44,18,0,7.4,3,0,454
3/31/11,5,23.5,8.3,15.2,16.2,1017.1,1011.4,5.70000000000005,1014.5,8.6,4.5,7,3.1,6,1.6,51,24,0,2,4,0,455
4/1/11,12,25.9,11.3,14.6,19.2,1013.8,1009.5,4.29999999999995,1011.8,11.8,5.4,7,3.9,7,1.8,55,30,0,2.6,5,0,456
4/2/11,13,20.6,6,14.6,12.5,1019.6,1011.2,8.39999999999998,1015.9,9.1,12.8,2,9.8,3,6.3,63,46,4,0,6,0,457
4/3/11,12,7.7,4.6,3.1,6,1024,1019.6,4.39999999999998,1022.3,7.5,10.8,3,6.6,2,3.1,80,65,8.2,0,7,1,458
4/4/11,10,16.2,2.7,13.5,9.6,1024.3,1019.5,4.79999999999995,1022,7.3,5.3,3,3.5,3,1.2,65,28,0,9.7,1,1,459
4/5/11,26,17.3,7.5,9.8,12.7,1021.1,1014.3,6.80000000000007,1018.1,9,7.7,8,5.3,6,1.8,64,32,0.1,1,2,1,460
4/6/11,7,13.5,9.8,3.7,10.7,1017.7,1014.6,3.10000000000002,1016.3,11,4.6,1,3.1,1,1.9,86,63,5.4,0,3,0,461
4/7/11,15,16.4,7.1,9.3,11.9,1019.2,1015.6,3.60000000000002,1017.3,11.3,5.4,12,3.7,11,1.3,82,58,3270,0.4,4,0,462
4/8/11,13,22.3,8,14.3,15,1021.8,1016.5,5.29999999999995,1019.2,11.6,4,12,2.8,11,0.8,72,31,0,8.1,5,0,463
4/9/11,7,22.9,11.2,11.7,17.5,1020.6,1014.7,5.89999999999998,1017.7,13.9,6.6,10,4.3,9,2.3,71,47,0,8.8,6,0,464
4/10/11,18,25.5,13.5,12,18.9,1016.8,1013.1,3.69999999999993,1015.5,13.5,10.5,2,7.7,2,3.9,64,41,0,8.2,7,0,465
4/11/11,11,22.7,12.9,9.8,17.7,1021.7,1015.6,6.10000000000002,1018.8,7.1,11.7,2,8.1,2,3.9,37,15,0,8.8,1,0,466
4/12/11,15,18.3,12,6.3,14.2,1018.5,1014.2,4.29999999999995,1016.5,12.1,4.5,2,3.1,1,1.3,75,33,6.7,0,2,0,467
4/13/11,25,19.4,13.7,5.7,16.3,1015.7,1009.6,6.10000000000002,1012.4,14.3,5.2,10,3.8,9,1.9,78,64,3270,1.8,3,0,468
4/14/11,29,28.1,13.3,14.8,20,1010.9,1002.1,8.79999999999995,1006,17.9,5.8,12,4.3,12,1.2,78,49,0,8.7,4,0,469
4/15/11,14,24,18.4,5.6,21.5,1005.7,1003.3,2.40000000000009,1004.7,22,4,11,2.8,10,0.9,86,73,3270,0,5,0,470
4/16/11,30,24.2,17,7.2,19.9,1011.9,1005.5,6.39999999999998,1009.3,16.9,11,6,6.2,6,1.6,75,51,10.3,4.1,6,0,471
4/17/11,17,25.1,12.6,12.5,20,1011.1,1006,5.10000000000002,1008.9,13.3,5.8,12,4.1,11,2.1,57,42,0,8.4,7,0,472
4/18/11,42,25.1,14.1,11,18.9,1014.9,1007.9,7,1012.3,9.4,8.7,3,6.2,3,2.3,47,18,0,10.7,1,0,473
4/19/11,36,24.6,8.5,16.1,16.8,1018.6,1013.2,5.39999999999998,1015.9,8.5,8.6,3,5,3,1.7,47,17,0,10.9,2,0,474
4/20/11,25,27.3,13.8,13.5,20.7,1014,1006.4,7.60000000000002,1010.5,9.4,7.6,7,5.3,7,3.1,39,22,3270,8.5,3,0,475
4/21/11,33,25.5,17.7,7.8,20.4,1008.8,1004.3,4.5,1006.3,17.5,6.2,13,3.7,13,2.1,75,45,1,0,4,0,476
4/22/11,29,25.2,16.8,8.4,19.3,1015.3,1008.4,6.89999999999998,1012.9,13.8,10.2,2,7.9,3,2.6,64,29,0,9.8,5,0,477
4/23/11,33,28.5,12.1,16.4,20.3,1014.4,1007.4,7,1011.5,14.9,7.7,10,4.8,11,2.7,66,30,0,10.2,6,0,478
4/24/11,25,27.2,14.5,12.7,21,1011.8,1007.7,4.09999999999991,1009.5,13.1,8.6,12,5.3,11,2.1,54,28,0,7.1,7,0,479
4/25/11,33,30.6,15.1,15.5,23.4,1009.7,1001.3,8.40000000000009,1005.2,13.5,12.5,11,8,11,4,53,21,0,11.1,1,0,480
4/26/11,38,32.3,19.6,12.7,25.5,1003.3,998.4,4.89999999999998,1000.8,15.1,8.8,10,5.3,10,2.4,47,25,0,10.8,2,0,481
4/27/11,19,29,17.6,11.4,23.7,1008.3,998.6,9.69999999999993,1005.9,12.8,10.6,2,7.1,3,3.9,45,17,0,11.1,3,0,482
4/28/11,16,30.3,14.6,15.7,23.8,1009.6,1000.9,8.70000000000005,1005.3,11.5,8.6,8,6.3,8,3.1,39,26,0,10.7,4,0,483
4/29/11,32,33.1,20.6,12.5,27.4,1001.8,997.2,4.59999999999991,999.5,21.9,13.3,11,8.8,10,4.2,61,42,0,9.7,5,0,484
4/30/11,29,29.6,21.9,7.7,24.8,1003.2,998.5,4.70000000000005,1001.1,26,13.6,11,9.1,10,3.6,83,54,0.5,3.4,6,0,485
5/1/11,25,30.1,20.6,9.5,24.6,1010,1003.1,6.89999999999998,1008,12,9.8,3,6.4,3,3.1,41,21,0,6.1,7,1,486
5/2/11,27,25.3,12.4,12.9,17.5,1010.7,1007.6,3.10000000000002,1009.5,12.2,10,3,6.7,2,3.6,64,29,14.9,0,1,1,487
5/3/11,28,21.1,12.4,8.7,16.4,1015.1,1010.4,4.70000000000005,1012.9,15.8,6.3,1,4.4,1,1.8,85,64,1.6,1,2,1,488
5/4/11,38,23.4,13.9,9.5,18.6,1014.2,1007,7.20000000000005,1010,15.7,6.6,11,2.6,12,1.1,75,48,0,4.4,3,0,489
5/5/11,46,26.9,14.1,12.8,21.3,1008.8,1001.7,7.09999999999991,1005,17.7,7.4,10,5.2,10,3.1,72,51,0,9.6,4,0,490
5/6/11,29,30.5,18,12.5,24.4,1003.4,998.6,4.79999999999995,1001,23.5,7.9,10,4.9,10,1.7,78,54,0,10.7,5,0,491
5/7/11,29,33.7,21.2,12.5,27.3,1001,997.6,3.39999999999998,999.5,27.6,7.6,9,4.9,10,2,78,49,0,11.1,6,0,492
5/8/11,31,34,25.5,8.5,29.3,1002.1,997.1,5,999.8,29.3,9.5,9,6.7,10,2.8,73,52,1.1,9.2,7,0,493
5/9/11,39,33.8,24.5,9.3,29.4,1000.2,995.1,5.10000000000002,998,27.7,9.1,9,5.5,10,2.9,68,52,0,11.4,1,0,494
5/10/11,38,30.7,15.2,15.5,21.9,1003.4,995.9,7.5,998.9,24,13.2,2,8.6,2,3.9,90,65,10.7,0,2,0,495
5/11/11,35,25.7,15,10.7,19.9,1007.3,1002.8,4.5,1005.2,18.4,8.2,2,5.1,1,2.8,80,53,3.6,10.5,3,0,496
5/12/11,32,28.4,18.2,10.2,23.5,1011.1,1005.4,5.70000000000005,1009.2,18.7,10,1,6.8,1,2.7,67,36,3270,8.6,4,0,497
5/13/11,46,29,12.6,16.4,21.9,1014,1009.3,4.70000000000005,1012,13.7,6.5,3,3.7,4,1.5,58,19,0,9.7,5,0,498
5/14/11,60,24.9,18,6.9,20.6,1015.5,1011,4.5,1013.2,15.3,6.8,1,3.6,2,1.7,64,39,0.2,0.9,6,0,499
5/15/11,70,25.4,13.9,11.5,19.6,1013.7,1011.8,1.90000000000009,1012.6,17.2,6.2,12,4.2,11,1.7,77,45,0.4,4.9,7,0,500
5/16/11,53,28.5,14.3,14.2,21.3,1014.4,1009.5,4.89999999999998,1011.9,17.9,5.3,10,3.8,10,2.1,74,44,0,10.4,1,0,501
5/17/11,52,31.7,15.5,16.2,24.1,1011.4,1001.2,10.1999999999999,1006.6,18.9,9,11,5.8,11,2.5,68,32,0,11.4,2,0,502
5/18/11,54,34,22,12,27.7,1002.4,998.2,4.19999999999993,1000.4,18.3,9.9,11,6.5,11,3.4,50,30,0,11.2,3,0,503
5/19/11,26,36.1,19.3,16.8,27.8,1005,999.2,5.79999999999995,1002.3,21.9,7.4,11,5.2,11,1.9,62,33,0,11.3,4,0,504
5/20/11,28,35.5,19.8,15.7,28.2,1004.8,999.4,5.39999999999998,1001.8,24.3,9.6,4,6.4,3,3.2,67,31,0,11.2,5,0,505
5/21/11,19,28.4,14.3,14.1,17.7,1011.1,1001.8,9.30000000000007,1008.7,16.2,13,3,8.8,3,4.7,80,67,9.5,0,6,0,506
5/22/11,27,15.9,11.3,4.6,13.2,1012.2,1008.9,3.30000000000007,1010.5,14.7,11,3,7.7,3,4.5,97,84,21.5,0,7,0,507
5/23/11,53,17.7,11.6,6.1,14.4,1014.9,1012.1,2.79999999999995,1013.3,13.8,8,3,5.8,3,3.1,84,70,0,0,1,0,508
5/24/11,54,20.2,14.9,5.3,17.1,1014,1011.5,2.5,1012.6,16.5,3.5,3,2.7,3,1.6,85,60,0,0,2,0,509
5/25/11,39,23.1,16.1,7,19.1,1013.1,1009.2,3.89999999999998,1011.1,18.9,3.4,3,2.1,4,1.3,86,60,0.2,1.6,3,0,510
5/26/11,42,27.3,13.1,14.2,20,1012.3,1007.8,4.5,1010.3,18.4,4.9,3,2.8,3,0.8,81,44,0,11.2,4,0,511
5/27/11,47,29.9,14.8,15.1,22.1,1010.5,1006,4.5,1008.4,18.7,8.2,4,3.5,3,1,74,33,0,11,5,0,512
5/28/11,28,31.7,15.8,15.9,23.6,1009.5,1006,3.5,1007.6,21.6,4.6,3,3.2,2,1,77,31,0,10.4,6,0,513
5/29/11,45,30.9,17.8,13.1,24.5,1011.4,1006.1,5.29999999999995,1008.9,20.2,5.1,7,3.6,7,2.1,69,37,0,9,7,0,514
5/30/11,48,33.5,17.3,16.2,25.2,1008.5,1002.8,5.70000000000005,1005.7,20.2,7.5,3,5.1,2,2.1,66,35,0,9.5,1,0,515
5/31/11,41,26.1,18.2,7.9,20.2,1009.1,1003.6,5.5,1006.3,21.6,8.3,1,5.4,2,1.6,91,62,13.1,0.4,2,0,516
6/1/11,49,29.9,16.9,13,22.4,1008.6,1005.3,3.30000000000007,1006.9,22.4,4.1,10,3.1,9,1.6,85,48,0,9,3,0,517
6/2/11,28,25.9,20.7,5.2,23.6,1009.5,1006.6,2.89999999999998,1007.9,23.9,4.9,11,3.3,11,1.3,83,64,0,0,4,0,518
6/3/11,40,26,17.5,8.5,22.4,1008.1,1002.6,5.5,1005.4,22.3,5.7,10,4.2,10,1.9,83,60,0,4.2,5,0,519
6/4/11,31,22,19.8,2.2,20.8,1004.2,1000.7,3.5,1001.8,24.6,3.6,10,2.5,11,1.2,100,89,14.5,0,6,1,520
6/5/11,47,24.9,21.2,3.7,22.5,1005.2,1001.7,3.5,1003.6,26.2,3.1,7,2.3,9,1.1,96,85,0.1,0,7,1,521
6/6/11,42,24.5,21.1,3.4,22.8,1004.1,1000.5,3.60000000000002,1002.4,27.3,5.3,11,3.6,11,1.4,99,92,0.1,0,1,1,522
6/7/11,59,28.6,21.2,7.4,24.2,1002.3,998.5,3.79999999999995,1000.5,27.2,5.2,10,3.5,10,1.5,91,75,0,4,2,0,523
6/8/11,57,33.7,21.4,12.3,27.4,1000.9,997.2,3.69999999999993,999.4,31.3,6.6,10,5,11,2,87,54,0,11.1,3,0,524
6/9/11,41,34,24.1,9.9,28,1000.3,994.7,5.59999999999991,998,32,10.6,3,6.8,3,3.4,86,60,3270,6.9,4,0,525
6/10/11,53,25.9,23.3,2.6,24.7,998.7,995.7,3,997.8,30.2,9.2,1,6.1,1,1.3,98,89,37.2,0,5,0,526
6/11/11,54,27.6,22.8,4.8,25.1,1001.6,998.7,2.89999999999998,1000.7,29.8,3.6,10,2.6,10,1.6,94,78,3270,0,6,0,527
6/12/11,85,28.5,23.3,5.2,25.5,1003.8,1001.1,2.69999999999993,1002.9,29.8,5.1,12,3.4,10,2,92,76,3270,0,7,0,528
6/13/11,56,27.1,23,4.1,24.4,1005,1002.6,2.39999999999998,1003.8,27.7,5.6,8,4.4,8,1.2,91,73,1.6,1.2,1,0,529
6/14/11,37,23.3,20.5,2.8,21.6,1004,999,5,1000.6,25.6,8.4,5,5.9,5,2.1,99,93,77.3,0,2,0,530
6/15/11,54,25.4,20.6,4.8,22.8,1001.7,999.1,2.60000000000002,1000.5,25.9,4.2,3,3.4,2,1.2,94,80,0.7,0,3,0,531
6/16/11,67,29.4,21.7,7.7,25.3,1003.1,999.9,3.20000000000005,1001.5,27.6,5.3,7,3.6,7,1.7,87,64,3270,3.8,4,0,532
6/17/11,51,28.5,24.2,4.3,25.8,1002.4,1000,2.39999999999998,1001.3,31.1,4.7,5,3.3,2,2,94,80,2,1.4,5,0,533
6/18/11,74,25.3,21.5,3.8,22.8,1001.7,998.8,2.90000000000009,1000.1,27.7,12.3,3,9.2,3,4.5,100,94,197.9,0,6,0,534
6/19/11,59,29.2,21.4,7.8,24.4,1003.9,1000.7,3.19999999999993,1002.8,27.5,5.1,3,3.9,3,1.9,91,65,0.3,0,7,0,535
6/20/11,73,27.4,23.1,4.3,24.8,1004.4,1001.9,2.5,1003,27.3,5.5,8,4,7,1.7,88,74,1.2,0,1,0,536
6/21/11,78,31.1,23.6,7.5,26.4,1003.1,998.6,4.5,1001.1,31.9,4.5,8,3,8,1.7,93,72,1.5,4,2,0,537
6/22/11,58,35.4,25.5,9.9,30.2,1000.3,994.9,5.39999999999998,997.6,33.8,5,10,3.7,8,2.1,81,55,0,10.3,3,0,538
6/23/11,51,34.8,26.1,8.7,29.6,997.5,994.7,2.79999999999995,996.1,33.5,8.7,2,6.3,2,2.2,82,57,16.1,4.5,4,0,539
6/24/11,67,26.8,24.2,2.6,25,999.1,996.4,2.70000000000005,998,31.3,5.6,2,4,3,1.9,99,94,47.7,0,5,0,540
6/25/11,62,28.2,22.9,5.3,25.2,1002.2,998.9,3.30000000000007,1001.4,27.6,10.9,3,8.5,3,3.9,87,65,0.7,5.6,6,0,541
6/26/11,91,30.1,21.1,9,25.4,1003.6,999.6,4,1001.8,24.6,5.5,2,3.3,2,1.7,78,49,0,8.5,7,0,542
6/27/11,84,31,22.2,8.8,26.3,1002.4,998.1,4.29999999999995,1000,28.8,4.8,9,3.3,11,1,86,57,0,3.9,1,0,543
6/28/11,50,29.5,23.5,6,26.4,1001.5,998.4,3.10000000000002,999.3,30.2,9.1,10,5,10,2.6,88,72,7,8.6,2,0,544
6/29/11,42,32.3,22.9,9.4,28.1,1001.3,998.6,2.69999999999993,1000.3,30.1,7.7,9,4.3,9,2.3,81,61,0,9.7,3,0,545
6/30/11,39,31.4,24.5,6.9,27.8,1002.5,1000.1,2.39999999999998,1001.4,32.9,12.6,7,7.1,8,2.2,88,65,28,6,4,0,546
7/1/11,45,33.8,26,7.8,29.5,1002.1,998.4,3.70000000000005,1000.7,32.4,11.2,12,7,11,2.9,79,58,3270,9.8,5,0,547
7/2/11,60,34.6,27.5,7.1,31.3,999.8,996.1,3.69999999999993,998,31.2,11.9,11,8,11,4.8,69,53,0,11.9,6,0,548
7/3/11,63,34.4,29.1,5.3,31.3,998.4,996.4,2,997.5,30.4,11.7,11,8.1,11,4.4,67,55,0,10.2,7,0,549
7/4/11,48,35,27.1,7.9,31,1001.7,998.4,3.30000000000007,1000.6,32.8,8.2,11,5.9,11,2.3,74,56,0,9,1,0,550
7/5/11,48,35.3,29.1,6.2,32,1001.5,996.4,5.10000000000002,998.9,33.4,9,11,6.2,10,3.1,71,54,0,9.1,2,0,551
7/6/11,54,35.1,29,6.1,31.8,997.8,992.3,5.5,995.2,33.6,8.8,11,6.5,10,3.1,72,53,0,10.1,3,0,552
7/7/11,24,32.3,21.7,10.6,26,1001.6,993.5,8.10000000000002,998.2,29.5,7.4,2,4.8,2,2.3,88,70,8.9,0,4,0,553
7/8/11,33,28.4,20.5,7.9,23.8,1003.2,1000.5,2.70000000000005,1001.9,26.3,5.2,10,3.9,10,2.1,90,71,7.9,2.6,5,0,554
7/9/11,51,33.3,19.7,13.6,26.3,1003.6,1000.8,2.80000000000007,1002.4,27.6,4,3,3.1,2,0.9,82,33,0,10.6,6,0,555
7/10/11,32,34.9,23.6,11.3,28.3,1003.1,999.2,3.89999999999998,1001.6,26.6,4.1,2,3.2,3,1.4,72,36,0,8,7,0,556
7/11/11,35,32.6,24.7,7.9,27.7,1002.3,999.2,3.09999999999991,1000.9,29.8,9.1,2,5.2,3,1.4,81,59,0.7,0,1,0,557
7/12/11,36,28.8,26,2.8,27.1,1002.3,1000.3,2,1001.3,32.2,5.3,3,3.8,3,1.6,90,75,1.3,0,2,0,558
7/13/11,31,29.9,24.4,5.5,26.6,1003.1,1001.1,2,1002.2,30,6.9,2,5,3,1.9,86,69,3270,0,3,0,559
7/14/11,36,27.7,24.1,3.6,25.5,1004,1002.1,1.89999999999998,1003,29.6,4.5,3,3.4,3,1.7,91,74,0.1,0,4,0,560
7/15/11,30,27.3,23.5,3.8,24.6,1004.7,1001.6,3.10000000000002,1003.4,28.3,4.4,3,3.3,2,0.9,92,68,0.2,0.6,5,0,561
7/16/11,28,26.6,22.6,4,24.3,1003.2,998.6,4.60000000000002,1001.2,26,5.1,3,3.8,2,1.7,86,76,3270,0,6,0,562
7/17/11,20,30.1,23.1,7,25.9,1000.2,995.8,4.40000000000009,998.4,28.7,6.9,3,4.3,2,2.5,87,60,0,5.3,7,0,563
7/18/11,28,29.2,24.3,4.9,26.4,998,995.2,2.79999999999995,996.8,29.3,10.9,3,7.6,3,2.4,86,66,0.2,3.2,1,0,564
7/19/11,40,32.1,23.6,8.5,27.1,997.7,995.1,2.60000000000002,996.6,29.4,6.4,14,4,3,1.7,83,56,3270,0,2,0,565
7/20/11,24,33.4,22.7,10.7,27.8,999.8,996.2,3.59999999999991,998.3,29.5,4.4,7,2.4,4,1,81,52,0,4.9,3,0,566
7/21/11,21,35.3,24,11.3,29.2,1000.2,997.5,2.70000000000005,998.9,31.2,5.3,9,3.3,9,1.4,79,49,0,9.6,4,0,567
7/22/11,19,36,27.4,8.6,31.4,1000.7,997.2,3.5,999.2,32.8,7,7,3.7,8,2.1,73,47,0,9.8,5,0,568
7/23/11,17,34.8,26.4,8.4,30.6,1002,998.6,3.39999999999998,1000.4,34.8,7.8,10,5.4,10,2,81,59,0.4,9.1,6,0,569
7/24/11,19,36.3,28,8.3,32.2,1002.4,998.9,3.5,1001.1,33.7,9.5,10,6.2,10,2.9,71,50,0,10.6,7,0,570
7/25/11,21,36.6,29.5,7.1,32.7,1000.4,996.6,3.79999999999995,998.9,33.6,9.1,11,6.1,11,3.2,69,50,0,11.4,1,0,571
7/26/11,20,37.3,28.4,8.9,32.8,999.6,994.9,4.70000000000005,998,35,9.3,10,6.1,10,2.2,72,51,0,9.1,2,0,572
7/27/11,14,33.6,23.7,9.9,28.1,1003.8,997,6.79999999999995,1000.1,32,12.2,13,8.4,2,1,85,55,53.2,8.9,3,0,573
7/28/11,14,36.1,27.4,8.7,31.3,1002.1,999.5,2.60000000000002,1000.9,37.4,5.3,10,3.7,9,1.5,83,53,0,9.1,4,0,574
7/29/11,17,37.3,28.5,8.8,32,1001.4,997.6,3.79999999999995,999.8,37.3,5.4,8,3.9,9,1.6,80,49,0,10.9,5,0,575
7/30/11,14,35.6,27.4,8.2,31.4,1000.9,998,2.89999999999998,999.5,33.9,7.4,1,4.8,16,1.5,74,59,0,4.2,6,0,576
7/31/11,13,34.1,25.4,8.7,28.6,1002.3,999.1,3.19999999999993,1001.3,33.2,7.6,12,5.4,14,2.5,86,62,16.5,4.8,7,0,577
8/1/11,11,33.9,25.2,8.7,28,1003.1,999.3,3.80000000000007,1001.5,32,9.8,10,6.8,9,3,86,62,2.1,9.1,1,0,578
8/2/11,23,31.3,23.7,7.6,26.8,1004.7,1001.1,3.60000000000002,1002.5,31,10.5,10,7.2,9,1.5,89,69,13.4,0,2,0,579
8/3/11,10,27.5,22.9,4.6,24.9,1005.2,1001.9,3.30000000000007,1003.6,27.7,5.4,1,3.2,1,2.3,88,73,0.2,0,3,0,580
8/4/11,16,29.9,22.5,7.4,25.7,1003.3,1000.3,3,1002,27.5,4.4,2,3.1,2,1.5,85,61,0,4.5,4,0,581
8/5/11,11,30,22.7,7.3,26.3,1001.8,999,2.79999999999995,1000.7,29.3,5.8,3,4.1,3,2.1,86,73,0,2,5,0,582
8/6/11,16,26.6,23.7,2.9,24.6,1001.2,998.7,2.5,999.9,29.4,6.2,2,4.2,2,2.7,95,85,0.6,0,6,0,583
8/7/11,7,29.2,23.3,5.9,25.7,1001.9,999.7,2.19999999999993,1000.8,30.5,5.3,16,3.2,15,1.8,93,77,0.3,0,7,0,584
8/8/11,18,30.6,24,6.6,26.3,1003.3,999.7,3.59999999999991,1001.7,31.2,5.4,10,3.1,10,1.8,92,70,22.6,3.3,1,0,585
8/9/11,10,34,24.1,9.9,28,1002.6,999.3,3.30000000000007,1001.2,32,5,8,3.4,9,0.7,86,58,0,8,2,0,586
8/10/11,12,32,24.6,7.4,26.7,1002.9,999.9,3,1001.7,33.6,8.5,2,6.2,3,1,96,74,52.6,1.1,3,0,587
8/11/11,10,30.8,24.6,6.2,27.1,1004.1,1000.6,3.5,1002.2,32.2,3.8,16,2.7,14,0.9,91,73,3270,0.4,4,0,588
8/12/11,10,33,25,8,28.7,1002.4,998.2,4.19999999999993,1000.9,33.4,5,10,3.5,10,2.1,86,65,0,6.7,5,0,589
8/13/11,14,34.3,27,7.3,30.2,1000.3,997.6,2.69999999999993,999,34.1,8.4,11,5.7,11,2.6,81,57,0,11.4,6,0,590
8/14/11,14,34.7,29.1,5.6,31.5,1001.1,998.6,2.5,999.7,32.8,11.3,11,7.1,11,3.3,72,56,0,10.4,7,0,591
8/15/11,18,35.2,30.1,5.1,31.8,1001.4,998.1,3.29999999999995,999.7,32.2,10.7,12,7.4,11,3.8,69,54,0,7.2,1,0,592
8/16/11,12,34.8,29.4,5.4,31.2,1001,998.2,2.79999999999995,999.8,33,11.7,13,7.7,11,2.6,74,56,0,10.5,2,0,593
8/17/11,8,35.5,25.9,9.6,30.3,1002.9,999.8,3.10000000000002,1001.3,33.4,8.3,10,5.4,10,2.1,79,52,0,11,3,0,594
8/18/11,10,35.7,27.1,8.6,31,1004.1,1001.1,3,1003,33.7,7.6,11,5.1,10,2.6,77,53,0,11.3,4,0,595
8/19/11,7,35.6,25,10.6,30.3,1006.3,1003.6,2.69999999999993,1005.7,32.4,6.7,11,4.9,10,2.5,77,47,0,11.3,5,0,596
8/20/11,12,33.8,24.1,9.7,28.1,1008.3,1005.3,3,1006.9,30.7,6.2,3,4.1,3,3.1,82,60,0,10.8,6,0,597
8/21/11,7,33.5,23.2,10.3,27.6,1008.3,1003.3,5,1005.8,29.2,7,4,4.5,3,2.9,81,57,0,9.9,7,0,598
8/22/11,3,27.5,22.5,5,23.6,1006.8,1004.2,2.59999999999991,1006,26.1,8.7,2,5.4,2,3.5,90,75,0.2,0,1,0,599
8/23/11,6,23.1,21.2,1.9,21.7,1006.9,1004.5,2.39999999999998,1005.8,25.2,9.2,3,6.3,3,3.1,97,90,41.1,0,2,0,600
8/24/11,5,25.7,19.7,6,22.6,1008.7,1006.3,2.40000000000009,1007.3,23.5,8.2,3,5.9,3,2.3,86,69,3270,0,3,0,601
8/25/11,4,29,19.9,9.1,25,1008.9,1006.1,2.79999999999995,1007.5,25.3,5.1,1,3.5,3,1.8,81,59,0,6.9,4,0,602
8/26/11,8,28.1,21.4,6.7,24.1,1009.1,1006.8,2.30000000000007,1007.9,26,6,3,4.1,3,2.4,87,70,0,2.9,5,0,603
8/27/11,5,30.1,22.2,7.9,25.3,1008.3,1004.5,3.79999999999995,1006.7,27.1,5.1,4,3.6,2,2.3,85,62,0,8.8,6,0,604
8/28/11,7,31.5,21.7,9.8,25.4,1007.3,1003.2,4.09999999999991,1005.5,27.7,5.6,2,3.9,3,1.4,87,56,0,9.1,7,0,605
8/29/11,10,32.4,21.7,10.7,26.3,1006.3,1002.7,3.59999999999991,1004.7,28,4.8,1,3.2,2,1.3,84,52,0,10.5,1,0,606
8/30/11,7,32.7,22.9,9.8,27.5,1004.7,1000.9,3.80000000000007,1003.1,29.6,6.5,2,5.2,3,2.4,82,55,0,8.9,2,0,607
8/31/11,8,30.4,24.3,6.1,26.9,1003.5,1001.2,2.29999999999995,1002.1,29.8,7.7,3,5.5,3,2.5,85,69,0.7,1,3,0,608
9/1/11,7,33.6,23.5,10.1,28.2,1002.5,999.5,3,1001.2,29.9,6.7,2,4.5,2,2.6,80,53,0,10,4,0,609
9/2/11,9,33.5,24.8,8.7,28.5,1004.3,1000.5,3.79999999999995,1002.5,30.3,5.8,1,4,2,2.3,79,58,0,7.7,5,0,610
9/3/11,7,34.3,24.6,9.7,28.8,1006.5,1002.3,4.20000000000005,1005,29.5,4.9,2,3.7,2,1.3,76,50,0,9.4,6,0,611
9/4/11,11,32.7,24.2,8.5,27.9,1008.5,1005,3.5,1006.7,27.9,6.2,4,4.1,4,2.5,75,53,0,9.1,7,0,612
9/5/11,21,30.7,23.3,7.4,26,1008.4,1004.6,3.79999999999995,1006.5,26,7.3,3,5,3,2.2,78,55,0,2.9,1,0,613
9/6/11,14,26,19,7,21.5,1007.2,1004.2,3,1005.5,22.1,8.2,3,5.5,3,3,87,74,13.7,0,2,0,614
9/7/11,14,21.5,19.7,1.8,20.7,1005.2,1003,2.20000000000005,1004,21.9,5.4,1,3.6,2,2.7,90,85,0.2,0,3,0,615
9/8/11,6,22,18.4,3.6,20,1010.2,1005.2,5,1007.9,21.5,5.5,2,3.7,1,1.9,92,83,0.5,0,4,0,616
9/9/11,17,22.3,18.9,3.4,20.8,1014.6,1010.2,4.39999999999998,1013.1,22.5,6.3,2,4.4,3,2.3,92,86,3270,0,5,0,617
9/10/11,26,25.7,20.1,5.6,22.2,1016.9,1012.7,4.19999999999993,1014.5,24.4,4.7,3,3.3,2,1.1,92,74,5.1,1,6,1,618
9/11/11,12,28.3,20.9,7.4,24.3,1014.2,1009.5,4.70000000000005,1011.8,26.3,7.2,7,4.5,8,1.4,87,68,0,3.4,7,1,619
9/12/11,17,32,21,11,25.3,1011.9,1007.7,4.19999999999993,1010,28.7,4.8,8,2.8,10,1.3,90,54,0,8.8,1,1,620
9/13/11,28,33.6,22.2,11.4,26.8,1009.6,1004.6,5,1007,30.2,3.9,7,2.6,9,1.3,87,57,0,8.7,2,0,621
9/14/11,28,34.9,24.2,10.7,27.9,1006,1001.5,4.5,1003.6,32.2,5.5,9,3,9,1.6,87,54,0,6.6,3,0,622
9/15/11,16,30.9,22.2,8.7,25.6,1005.5,1002.5,3,1004.4,27.7,7.4,16,5.3,2,2.9,85,67,0,7,4,0,623
9/16/11,14,29.1,20.7,8.4,24.4,1007.4,1002.8,4.60000000000002,1005.3,25.7,6.4,1,5.1,2,2.7,85,68,0,4.1,5,0,624
9/17/11,27,29.1,20.3,8.8,23.8,1009,1003.7,5.29999999999995,1005.5,25.1,12.6,3,8.3,3,4.1,85,68,0,4.4,6,0,625
9/18/11,14,20.3,16.2,4.1,16.9,1015.8,1008.9,6.89999999999998,1013.6,15.8,12,2,8.4,3,6.4,82,74,0.1,0,7,0,626
9/19/11,29,16.4,11.9,4.5,12.7,1020.7,1015.8,4.90000000000009,1019,13.9,11.5,3,8,3,4.5,95,73,5.8,0,1,0,627
9/20/11,36,19.3,11.9,7.4,14.8,1020.1,1017,3.10000000000002,1018.4,14.6,6.5,16,4.3,1,2,88,62,1.5,0,2,0,628
9/21/11,23,23.7,12,11.7,16.9,1018.1,1012.6,5.5,1015.7,15,5.1,2,3.5,2,1.3,81,42,0,10.4,3,0,629
9/22/11,31,24.7,15.6,9.1,19.2,1016,1012.2,3.79999999999995,1014.2,17.1,5.5,3,3.7,3,0.9,80,37,0,2.2,4,0,630
9/23/11,23,26.2,17,9.2,20.5,1015.5,1011.9,3.60000000000002,1013.7,18,3.2,4,2,5,1.1,78,43,0,2.3,5,0,631
9/24/11,23,27.4,14.6,12.8,19.8,1015.3,1011.7,3.59999999999991,1013.4,18.1,4.5,2,3.1,2,0.8,82,36,0,8.7,6,0,632
9/25/11,34,27.9,16.1,11.8,21,1015.2,1011.8,3.40000000000009,1013.5,18.7,5.5,3,2.7,2,1.3,79,37,0,5.8,7,0,633
9/26/11,32,28.5,17.5,11,22.6,1014.3,1010.2,4.09999999999991,1012.4,20.6,4.3,2,2.8,2,1.3,78,45,0,4.4,1,0,634
9/27/11,19,27.3,20.7,6.6,23.1,1011.7,1007.3,4.40000000000009,1009.7,23.4,4.1,4,3.1,3,1,84,54,0,0.7,2,0,635
9/28/11,17,28.9,19.6,9.3,23.4,1009.5,1006.7,2.79999999999995,1008.5,24.2,7.3,2,5.2,1,2.5,86,60,0,4.2,3,0,636
9/29/11,15,23.1,18.9,4.2,20.2,1015.5,1009.5,6,1013.4,19.6,8.8,2,6,2,3.9,83,73,2.3,0,4,0,637
9/30/11,14,18.9,17.1,1.8,17.9,1018.8,1015.4,3.39999999999998,1017.2,19.9,7.4,3,5.2,3,3.2,97,93,30.2,0,5,0,638
10/1/11,16,18.8,15.4,3.4,16.9,1018.4,1015.3,3.10000000000002,1017,18.5,6.1,3,4.2,2,2.5,97,86,14.5,0,6,1,639
10/2/11,29,17.9,15.2,2.7,16.3,1023,1016.8,6.20000000000005,1019.9,18.1,9.4,2,7.1,3,4,98,88,14.1,0,7,1,640
10/3/11,19,20.3,15.1,5.2,16.6,1024.4,1020.3,4.10000000000014,1022.2,16.6,6.8,3,4.6,4,2.5,89,59,9.3,1,1,1,641
10/4/11,31,21.8,11.6,10.2,16.2,1021.6,1016.4,5.20000000000005,1019.2,13.8,5.7,3,4,3,1.7,79,37,0,6.4,2,1,642
10/5/11,27,24.2,13.5,10.7,18.2,1018.9,1014.8,4.10000000000002,1016.8,15.6,4.7,16,3.1,16,1.1,78,44,0,7.9,3,1,643
10/6/11,24,26.6,14.4,12.2,19.6,1018.2,1014.5,3.70000000000005,1016.2,17.9,3.5,11,2.5,11,1.2,81,47,0,6.8,4,1,644
10/7/11,26,26.8,12.6,14.2,18.6,1018.3,1014.2,4.09999999999991,1016.2,18,4,12,2.6,10,0.8,87,42,0,9.1,5,1,645
10/8/11,23,27.4,12.6,14.8,18.9,1017.4,1012.9,4.5,1015,17.6,5.4,8,3.2,8,1,85,34,0,9.7,6,0,646
10/9/11,18,29,14.4,14.6,20.5,1014.9,1011.2,3.69999999999993,1013.1,19.9,4.7,13,2.5,10,0.9,86,46,0,9.4,7,0,647
10/10/11,24,29.7,17.1,12.6,23,1015.3,1011.9,3.39999999999998,1013.7,22.1,5.8,5,3.4,8,1.8,82,50,0,7.1,1,0,648
10/11/11,15,26.4,19.8,6.6,22.1,1017.5,1013.2,4.29999999999995,1015.2,22.3,6.2,2,4.3,3,2.5,85,67,0,6.3,2,0,649
10/12/11,18,22,18.9,3.1,20.3,1014.9,1011.3,3.60000000000002,1013.1,21.2,5.7,15,3.6,16,2.6,89,82,0,0,3,0,650
10/13/11,17,19.4,15.1,4.3,17.5,1015.4,1011.7,3.69999999999993,1014,17.7,7.3,2,5,2,3,89,75,0.9,0,4,0,651
10/14/11,27,25.7,15.1,10.6,18.8,1015.8,1011,4.79999999999995,1014,15.9,4.4,7,2.8,7,1.9,77,31,0,8.3,5,0,652
10/15/11,21,25.2,15.6,9.6,19.4,1017.4,1013.4,4,1015.5,12.6,8.7,2,5.4,1,2.6,59,25,0,8.1,6,0,653
10/16/11,43,23.1,10.9,12.2,16.1,1017.7,1013.8,3.90000000000009,1015.7,14.7,4.3,15,2.6,14,1.1,85,43,0,1.9,7,0,654
10/17/11,58,27,10.1,16.9,16.7,1019.2,1015.1,4.10000000000002,1017.5,14.4,4.5,1,2.9,2,1.1,82,28,0,9.7,1,0,655
10/18/11,44,25.9,11,14.9,16.9,1021.6,1017.1,4.5,1019,14,7.5,8,5.1,8,1.2,80,30,0,9.1,2,0,656
10/19/11,52,25,11.8,13.2,18.5,1018.8,1014.9,3.89999999999998,1017.3,14,7.2,6,5.2,6,1.1,69,24,0,8,3,0,657
10/20/11,30,21.9,14,7.9,17.4,1017.6,1014.6,3,1016,16,3.3,1,2.5,8,0.7,82,50,3270,0,4,0,658
10/21/11,35,24.1,13.3,10.8,17.9,1017.7,1013.8,3.90000000000009,1015.5,16.1,4.3,3,3,3,1.1,82,40,0,7.1,5,0,659
10/22/11,32,23.2,12.9,10.3,18,1015.5,1010.3,5.20000000000005,1013,17.1,3.8,7,2.8,7,1,84,58,3270,0,6,0,660
10/23/11,31,19.8,16.4,3.4,17.4,1013.9,1008.9,5,1011,19,5.4,16,3.5,1,2,96,85,8.2,0,7,0,661
10/24/11,34,16.7,12.5,4.2,14.4,1023.2,1013.9,9.30000000000007,1019.2,15.3,10.5,2,7.3,2,4.8,92,85,3.6,0,1,0,662
10/25/11,48,17.2,10.1,7.1,13.4,1026.6,1021.8,4.79999999999995,1024.2,11.3,8.9,3,6.3,2,3.6,74,61,0,4.8,2,0,663
10/26/11,43,19.2,7.3,11.9,13.1,1023.7,1018.4,5.30000000000007,1020.9,12.6,5.2,3,3.6,3,1.1,86,53,0,7.7,3,0,664
10/27/11,30,15.3,12.8,2.5,14,1023.5,1020,3.5,1021.5,13.9,5.4,2,4,2,2,87,74,3270,0,4,0,665
10/28/11,45,15,11.9,3.1,13.2,1023.5,1020.2,3.29999999999995,1021.6,14,3.2,16,1.9,16,1,93,80,0.9,0,5,0,666
10/29/11,32,19.2,9.3,9.9,13.8,1021.6,1017.2,4.39999999999998,1019.4,13.7,4.5,13,2.7,16,1.1,89,57,0,4.3,6,0,667
10/30/11,52,19.4,8.1,11.3,13.6,1020.1,1017.2,2.89999999999998,1018.5,13.8,5.3,8,3.7,7,1.1,90,62,0,0.8,7,0,668
10/31/11,54,22.5,13.6,8.9,16.8,1019.5,1016,3.5,1017.6,16.9,4.5,7,2.9,7,1,90,62,0,3,1,0,669
11/1/11,79,23.9,13.5,10.4,17.7,1019.8,1016,3.79999999999995,1017.8,17.5,3.6,6,2.8,3,1.2,89,58,0,7.9,2,0,670
11/2/11,57,24.1,14,10.1,17.6,1019.3,1015.2,4.09999999999991,1017.4,17.6,4.8,2,3.3,3,1.7,90,60,0,6.3,3,0,671
11/3/11,49,24.2,12.9,11.3,18,1018.3,1014.3,4,1016.5,17.5,5.3,2,3.6,3,2.1,87,60,0,6.1,4,0,672
11/4/11,38,22.7,15.4,7.3,18.4,1018.2,1014.2,4,1016.1,18.7,5.4,3,4.2,3,1.7,89,73,0,0.9,5,0,673
11/5/11,51,19.3,15.5,3.8,16.8,1019,1015,4,1016.6,18.4,7.9,16,4.5,2,2.2,96,88,18,0,6,0,674
11/6/11,57,18.8,14.6,4.2,16.1,1020,1015.8,4.20000000000005,1017.9,16.8,6.6,4,4.9,3,3.1,92,82,0.8,0,7,0,675
11/7/11,74,16.9,14.1,2.8,15.3,1018.8,1014.9,3.89999999999998,1016.8,16.8,8.3,1,5.3,1,3.1,97,90,3.4,0,1,0,676
11/8/11,73,14,10.7,3.3,12,1022.5,1018.8,3.70000000000005,1021,12.7,8,2,5.6,1,3.9,91,85,1.3,0,2,0,677
11/9/11,76,14.4,10.9,3.5,12.2,1022.4,1018.5,3.89999999999998,1020.4,11.5,9.5,3,6.2,3,3.4,81,64,0,0,3,0,678
11/10/11,77,17.4,5.1,12.3,9.9,1019.9,1015.5,4.39999999999998,1017.7,10,4.3,16,3,16,1,86,41,0,8.6,4,0,679
11/11/11,75,19.2,5.4,13.8,10.6,1018.9,1014.4,4.5,1016.6,10.8,5.1,11,3,9,0.7,88,48,0,7.9,5,0,680
11/12/11,104,20,5.8,14.2,11.5,1020.4,1015.4,5,1018.4,11.7,5.5,3,3.6,2,0.9,89,53,0,8.7,6,0,681
11/13/11,111,18.7,6.3,12.4,12.3,1021.3,1018,3.29999999999995,1019.5,11.4,5.3,3,3.6,3,1.1,83,51,0,3,7,0,682
11/14/11,119,20.5,7.9,12.6,12.8,1022.7,1018.9,3.80000000000007,1020.6,11.9,3.3,3,2.5,3,0.8,85,46,0,5.3,1,0,683
11/15/11,107,21.6,8.9,12.7,13.7,1022.1,1017.5,4.60000000000002,1019.8,12.8,4.4,3,3.3,3,1.4,85,45,0,6.7,2,0,684
11/16/11,100,21.6,9.4,12.2,14.2,1019.5,1014.5,5,1017,14.5,4.1,3,2.9,3,1.6,91,61,0,4.8,3,0,685
11/17/11,77,24,11.1,12.9,16.2,1016.2,1009.8,6.40000000000009,1012.7,16.1,3.3,3,2.6,3,0.9,89,58,0,5.7,4,0,686
11/18/11,70,18.7,14,4.7,15.4,1012,1008.4,3.60000000000002,1010.1,16.4,7.1,2,4.6,2,2.1,94,80,0.4,0,5,0,687
11/19/11,81,19.9,10.9,9,14.5,1021.4,1012.1,9.29999999999995,1017.8,12.5,6.8,1,4.4,1,2,78,42,0.8,7.5,6,0,688
11/20/11,76,18.3,8.7,9.6,12.7,1027.1,1021.4,5.69999999999993,1024.3,11.7,5.1,8,3.3,4,1.7,81,58,0,6.6,7,0,689
11/21/11,99,19.5,6.7,12.8,12.6,1026.1,1020,6.09999999999991,1023.2,11.3,6.8,8,5.1,7,1.4,80,45,0,6.8,1,0,690
11/22/11,81,18.1,9.2,8.9,12.1,1024.2,1020.7,3.5,1022.4,12.3,5.3,2,3.9,1,1.5,88,60,0,7.2,2,0,691
11/23/11,80,17.3,5.9,11.4,10.7,1028.7,1023.5,5.20000000000005,1025.8,8.7,7.7,4,5.4,3,2.1,72,32,0,7.8,3,0,692
11/24/11,106,18,4.5,13.5,10.6,1027.1,1018.7,8.39999999999986,1022.6,9.2,6.3,8,4.7,7,1.7,74,47,0,7.1,4,0,693
11/25/11,88,21.3,5,16.3,11.7,1021.6,1016.9,4.70000000000005,1019.4,10.9,4.2,7,2.9,7,1.4,84,39,0,7.7,5,0,694
11/26/11,60,22.3,7.7,14.6,13,1019.2,1013.9,5.30000000000007,1016.8,11.8,3.4,10,2.6,3,1.1,83,43,0,7.9,6,0,695
11/27/11,82,22,11.3,10.7,15.9,1016.4,1012.3,4.10000000000002,1014.4,14,3.9,4,3,3,1.3,80,52,3270,3.4,7,0,696
11/28/11,76,19.2,11.2,8,14.3,1014.8,1011.3,3.5,1013.6,13.4,7.1,3,5.3,3,2.6,83,65,3270,0,1,0,697
11/29/11,38,12.5,7.8,4.7,10.3,1020.3,1014.4,5.89999999999998,1016.8,11.7,9.6,1,5.6,1,3.1,93,83,1,0,2,0,698
11/30/11,53,7.8,2.3,5.5,3.4,1030.3,1020.3,10,1027.1,7.3,10.4,2,7.6,2,5.3,94,87,8.1,0,3,0,699
12/1/11,61,6.7,1,5.7,4,1032.2,1026.8,5.40000000000009,1029.5,6.1,9.8,2,6.4,2,3.2,76,54,0,6.5,4,0,700
12/2/11,57,11.1,-1.7,12.8,3.5,1027.1,1017.5,9.59999999999991,1020.9,6.3,6.2,11,4.1,10,1.5,85,44,0,8.7,5,0,701
12/3/11,60,13.1,-0.8,13.9,4.9,1023.1,1018.8,4.30000000000007,1020.7,7.1,5.2,4,3.7,4,1.1,85,48,0,7.4,6,0,702
12/4/11,71,12,3.7,8.3,7.6,1023.2,1018.9,4.30000000000007,1021.4,8.2,4.6,7,3.6,3,2.3,80,55,0,0,7,0,703
12/5/11,125,9.2,7,2.2,7.9,1022.9,1019.2,3.69999999999993,1021.4,9,7.1,3,4.8,3,2.4,85,77,0,0,1,0,704
12/6/11,61,7.5,6,1.5,6.4,1025.9,1022.3,3.60000000000014,1023.9,9,6.9,1,4.4,1,2.9,93,88,0.2,0,2,0,705
12/7/11,64,6.2,4.9,1.3,5.5,1028.3,1024.5,3.79999999999995,1026.6,8.8,6.4,1,4.5,1,3.1,98,92,5.3,0,3,0,706
12/8/11,62,9.2,5.2,4,6.5,1033.9,1027.3,6.60000000000014,1031.5,7.1,10.9,2,7.7,3,4.5,74,53,0,6.7,4,0,707
12/9/11,64,7,-0.9,7.9,2.5,1036.4,1031.6,4.80000000000018,1034.1,4.4,7.9,2,5.6,2,2.4,62,35,0,7.6,5,0,708
12/10/11,49,8.3,-3.5,11.8,1.4,1035.8,1030.6,5.20000000000005,1033,4.7,6.5,1,4.2,2,1.5,73,33,0,7.4,6,0,709
12/11/11,64,9.8,-4.5,14.3,1.5,1031.2,1025.5,5.70000000000005,1028.2,4.9,3.5,16,2.3,15,0.9,78,30,0,8.6,7,0,710
12/12/11,89,11.7,0.1,11.6,4.6,1027.3,1023.4,3.89999999999998,1025.2,6.3,3.7,16,2.1,12,0.9,79,34,0,6.4,1,0,711
12/13/11,68,13.3,-0.1,13.4,4.9,1024.9,1020.6,4.30000000000007,1023.1,6.4,3.5,3,2.5,3,0.9,79,31,0,7.4,2,0,712
12/14/11,51,12.3,-0.1,12.4,5.7,1026.1,1021.8,4.29999999999995,1024.2,7.5,3.5,16,2.1,10,1.1,85,48,0,1.4,3,0,713
12/15/11,47,9.4,3.5,5.9,5.6,1030.7,1025.7,5,1029,6.8,7.8,2,5.7,3,3.3,75,60,0,0,4,0,714
12/16/11,36,9.3,-2.9,12.2,2.1,1035.4,1030.2,5.20000000000005,1032.7,5.1,5.9,3,4.4,3,2,76,33,0,8,5,0,715
12/17/11,45,8.3,-3.4,11.7,1.8,1033.2,1027.2,6,1030.5,5,6,6,3.7,3,1.4,75,40,0,3.6,6,0,716
12/18/11,43,11.1,1,10.1,4.9,1030.7,1025.9,4.79999999999995,1028.5,5.6,3,1,1.9,2,1,68,29,0,4.4,7,0,717
12/19/11,52,11.2,-3.2,14.4,2.3,1028.1,1021,7.09999999999991,1024.9,5.5,4.6,8,3.3,7,1.3,81,37,0,7.3,1,0,718
12/20/11,57,11.3,2.4,8.9,6.7,1026.3,1021.8,4.5,1024,6.8,4.6,2,3.3,1,1,70,42,3270,0.4,2,0,719
12/21/11,42,8.9,4.1,4.8,6.4,1027.4,1023.2,4.20000000000005,1025.4,6.6,4.7,16,3.5,3,2.1,69,52,0,0,3,0,720
12/22/11,27,10.5,2.4,8.1,5.7,1030,1025,5,1027.7,5.1,6.8,2,5,3,2.7,58,27,0,4.6,4,0,721
12/23/11,22,8.9,-3.6,12.5,1,1029.6,1025.6,4,1027.5,4.6,4.3,14,2.8,16,1.1,76,31,0,5.9,5,0,722
12/24/11,36,11.5,-4.3,15.8,2,1030.9,1026.8,4.10000000000014,1028.2,4.6,4.2,7,2.6,6,1.1,72,24,0,7.9,6,0,723
12/25/11,27,10.7,-2.6,13.3,3.1,1031.4,1027.4,4,1028.7,5.2,3.2,7,2.5,8,1,75,27,0,1.3,7,0,724
12/26/11,30,7.8,0.1,7.7,4.6,1031,1026.7,4.29999999999995,1028.5,5.4,3.4,3,2.7,3,1.4,65,43,0,0,1,0,725
12/27/11,25,7,4.4,2.6,5.5,1027.9,1023.9,4.00000000000011,1026.1,6.4,3.1,2,2.3,2,1.3,71,56,0,0,2,0,726
12/28/11,26,11.5,-1,12.5,4.9,1028.3,1023.3,5,1025.6,6.3,3.5,3,2.5,2,1.3,76,37,0,6.4,3,0,727
12/29/11,17,8.5,3.1,5.4,5.8,1028.6,1024.1,4.5,1026.6,7.1,7.4,3,5.6,3,3.1,77,63,0,0,4,0,728
12/30/11,21,9.4,-0.2,9.6,4.8,1032.2,1027.1,5.10000000000014,1029.3,7.3,6,3,4.6,3,1.5,86,67,0,0.8,5,0,729
12/31/11,20,10.8,3.1,7.7,5.7,1029.3,1024.2,5.09999999999991,1026.2,7.5,6.2,14,3.3,12,0.6,83,61,0,0,6,0,730